Date,Region,Category,Product,Quantity,Price,Sales,Profit
2024-01-01,West,Clothing,Jacket,5,9719,48595,11923.75
2024-01-01,West,Clothing,Shirt,9,1414,12726,2460.12
2024-01-01,East,Groceries,Beverages,6,18667,112002,10434.15
2024-01-02,South,Electronics,Smartwatch,5,19692,98460,30994.31
2024-01-04,South,Groceries,Beverages,4,9670,38680,8180.74
2024-01-04,North,Clothing,Jeans,1,6814,6814,433.51
2024-01-04,West,Electronics,Mobile,6,13434,80604,23879.62
2024-01-04,West,Furniture,Bookshelf,4,7648,30592,5247.89
2024-01-04,North,Stationery,Notebook,7,16599,116193,22019.8
2024-01-04,West,Furniture,Sofa,1,5371,5371,612.63
2024-01-05,South,Furniture,Bookshelf,6,13916,83496,17919.46
2024-01-05,East,Groceries,Beverages,5,16223,81115,14591.93
2024-01-06,East,Electronics,Headphones,3,11250,33750,6684.19
2024-01-06,South,Stationery,Pen,1,606,606,126.94
2024-01-07,North,Furniture,Sofa,7,3652,25564,7999.82
2024-01-08,West,Stationery,Notebook,1,7029,7029,1528.39
2024-01-08,West,Electronics,Smartwatch,8,6883,55064,6829.27
2024-01-08,East,Furniture,Chair,1,14024,14024,2570.68
2024-01-08,West,Electronics,Laptop,5,15331,76655,14169.28
2024-01-08,North,Furniture,Chair,7,10191,71337,6908.93
2024-01-08,East,Stationery,Marker,8,6781,54248,9785.19
2024-01-09,West,Groceries,Snacks,6,12462,74772,18402.11
2024-01-09,East,Electronics,Headphones,3,4699,14097,4456.43
2024-01-10,West,Electronics,Laptop,4,13622,54488,14402.66
2024-01-10,South,Furniture,Table,4,13404,53616,8827.18
2024-01-11,East,Groceries,Beverages,3,3879,11637,3437.52
2024-01-11,North,Groceries,Oil,5,6580,32900,6015.73
2024-01-12,North,Groceries,Rice,3,4980,14940,1563.25
2024-01-12,West,Furniture,Bookshelf,8,867,6936,1045.24
2024-01-12,South,Electronics,Laptop,6,8278,49668,3802.42
2024-01-12,West,Groceries,Rice,8,3876,31008,7849.11
2024-01-12,North,Clothing,Shirt,1,13300,13300,1619.94
2024-01-12,North,Furniture,Bookshelf,2,1439,2878,736.16
2024-01-12,East,Groceries,Rice,4,19620,78480,6411.77
2024-01-13,North,Electronics,Laptop,8,5265,42120,4081.79
2024-01-13,North,Electronics,Laptop,2,5439,10878,1980.19
2024-01-13,South,Stationery,Pen,5,16252,81260,23602.87
2024-01-13,North,Furniture,Bookshelf,5,10768,53840,14971.2
2024-01-13,West,Groceries,Rice,2,9595,19190,5522.94
2024-01-14,North,Electronics,Mobile,9,15579,140211,20762.37
2024-01-14,South,Stationery,Pen,9,17306,155754,36353.37
2024-01-14,West,Stationery,Notebook,2,7235,14470,3617.27
2024-01-15,West,Clothing,Jacket,3,17197,51591,8815.2
2024-01-15,South,Clothing,Jacket,8,2770,22160,4874.52
2024-01-15,West,Groceries,Snacks,9,11060,99540,28826.46
2024-01-15,North,Stationery,Pen,5,12037,60185,17579.42
2024-01-16,West,Stationery,Pen,2,8702,17404,3282.1
2024-01-16,West,Furniture,Chair,4,18271,73084,18501.25
2024-01-16,North,Stationery,Files,4,2219,8876,2160.43
2024-01-16,West,Groceries,Oil,6,19251,115506,20635.34
2024-01-16,South,Electronics,Headphones,5,19741,98705,32044.23
2024-01-16,North,Groceries,Snacks,5,12153,60765,9031.38
2024-01-17,East,Furniture,Chair,1,1541,1541,520.01
2024-01-17,South,Stationery,Marker,3,10288,30864,7279.91
2024-01-18,South,Furniture,Chair,7,19560,136920,26570.02
2024-01-19,East,Stationery,Files,9,6771,60939,4423.59
2024-01-19,West,Electronics,Smartwatch,9,4371,39339,6155.43
2024-01-19,North,Furniture,Sofa,3,12375,37125,8482.54
2024-01-20,South,Furniture,Chair,8,8049,64392,18703.42
2024-01-21,West,Groceries,Beverages,7,1782,12474,1619.5
2024-01-21,East,Furniture,Sofa,3,4855,14565,4381.5
2024-01-22,North,Clothing,Shirt,2,5778,11556,3708.42
2024-01-22,East,Groceries,Rice,7,5785,40495,6901.71
2024-01-22,North,Stationery,Pen,8,15288,122304,20083.16
2024-01-22,East,Stationery,Pen,3,19537,58611,5294.36
2024-01-22,East,Clothing,Jacket,1,11845,11845,1129.03
2024-01-23,South,Groceries,Oil,6,19230,115380,23850.43
2024-01-23,South,Stationery,Files,6,17264,103584,24186.52
2024-01-23,East,Furniture,Table,8,11673,93384,21799.21
2024-01-23,North,Stationery,Notebook,3,13656,40968,5011.43
2024-01-23,North,Clothing,Jeans,5,8525,42625,10735.01
2024-01-24,West,Clothing,Jeans,7,228,1596,194.23
2024-01-24,West,Groceries,Rice,4,1155,4620,286.59
2024-01-25,South,Clothing,Jacket,9,8571,77139,13691.1
2024-01-25,West,Clothing,Shoes,2,19139,38278,7122.46
2024-01-25,West,Clothing,Shoes,2,10193,20386,2449.25
2024-01-25,East,Groceries,Oil,9,6571,59139,12486.13
2024-01-26,North,Clothing,Shoes,5,14326,71630,9413.36
2024-01-26,West,Stationery,Pen,6,9101,54606,13446.62
2024-01-26,South,Electronics,Headphones,8,10817,86536,13692.74
2024-01-26,West,Furniture,Sofa,7,16905,118335,7133.04
2024-01-27,East,Furniture,Bookshelf,8,15094,120752,37317.85
2024-01-27,East,Groceries,Oil,7,1188,8316,1024.9
2024-01-27,North,Electronics,Mobile,5,8453,42265,5796.38
2024-01-28,West,Groceries,Beverages,7,15907,111349,17469.47
2024-01-28,South,Furniture,Chair,8,5326,42608,10914.02
2024-01-29,South,Clothing,Shirt,3,12001,36003,3516.83
2024-01-29,North,Furniture,Bookshelf,9,17900,161100,20054.73
2024-01-29,North,Furniture,Table,4,6782,27128,8541.91
2024-01-29,North,Clothing,Jeans,9,6241,56169,9539.16
2024-01-29,West,Clothing,Jeans,6,17172,103032,34590.38
2024-01-29,East,Stationery,Pen,8,14007,112056,34618.76
2024-01-30,North,Stationery,Notebook,1,12556,12556,701.06
2024-01-30,East,Stationery,Marker,2,9221,18442,6322.1
2024-01-31,South,Electronics,Smartwatch,1,16209,16209,1492.03
2024-01-31,South,Groceries,Snacks,2,8212,16424,4974.56
2024-01-31,West,Furniture,Table,5,3941,19705,6357.04
2024-01-31,North,Groceries,Rice,7,4599,32193,4691.71
2024-02-01,North,Groceries,Snacks,1,9850,9850,1486.3
2024-02-01,North,Clothing,Jeans,6,18263,109578,24539.61
2024-02-02,South,Electronics,Mobile,8,3763,30104,2819.85
2024-02-02,West,Stationery,Marker,8,11165,89320,28239.75
2024-02-02,North,Furniture,Bookshelf,3,12453,37359,6058.74
2024-02-02,West,Furniture,Chair,6,17445,104670,5926.4
2024-02-03,West,Groceries,Snacks,7,14689,102823,20508.0
2024-02-03,North,Electronics,Laptop,6,13075,78450,8780.62
2024-02-03,West,Electronics,Mobile,3,13012,39036,1952.42
2024-02-03,East,Electronics,Smartwatch,9,19323,173907,42394.21
2024-02-04,South,Clothing,Jacket,8,18914,151312,51119.5
2024-02-04,South,Stationery,Notebook,1,7205,7205,2436.98
2024-02-04,East,Electronics,Laptop,5,16492,82460,11230.98
2024-02-04,West,Groceries,Oil,9,19000,171000,13074.75
2024-02-05,West,Electronics,Smartwatch,6,10029,60174,18274.12
2024-02-05,South,Clothing,Shirt,5,2870,14350,1126.65
2024-02-06,East,Clothing,Jacket,9,17197,154773,37634.66
2024-02-07,West,Clothing,Jacket,9,18433,165897,23371.45
2024-02-07,East,Clothing,Jacket,1,846,846,42.9
2024-02-07,North,Electronics,Mobile,1,2032,2032,408.88
2024-02-08,South,Groceries,Rice,1,8636,8636,1674.82
2024-02-08,East,Groceries,Oil,8,6407,51256,11833.36
2024-02-08,South,Electronics,Smartwatch,6,7570,45420,13054.75
2024-02-08,West,Groceries,Beverages,9,7650,68850,20543.02
2024-02-09,North,Stationery,Pen,2,4996,9992,1885.86
2024-02-09,East,Stationery,Marker,6,15041,90246,20132.78
2024-02-09,East,Furniture,Bookshelf,1,7514,7514,2332.71
2024-02-09,East,Stationery,Marker,8,10309,82472,26118.9
2024-02-10,East,Stationery,Files,3,17940,53820,17697.52
2024-02-10,West,Groceries,Beverages,9,17509,157581,46993.06
2024-02-11,South,Groceries,Snacks,2,2527,5054,1286.42
2024-02-11,West,Stationery,Pen,1,9311,9311,2443.68
2024-02-11,West,Stationery,Notebook,3,17024,51072,13660.71
2024-02-11,South,Furniture,Sofa,5,5534,27670,5915.15
2024-02-11,East,Stationery,Notebook,1,4227,4227,482.47
2024-02-12,West,Stationery,Pen,5,11410,57050,6311.15
2024-02-12,East,Clothing,Jeans,2,13236,26472,3690.04
2024-02-12,East,Clothing,Jacket,9,7550,67950,15317.96
2024-02-13,North,Stationery,Files,9,13336,120024,30584.3
2024-02-13,South,Furniture,Sofa,5,11547,57735,3832.63
2024-02-13,South,Electronics,Laptop,1,9811,9811,2406.02
2024-02-14,East,Groceries,Snacks,1,6571,6571,1760.31
2024-02-14,South,Furniture,Sofa,2,2803,5606,1436.02
2024-02-15,North,Clothing,Shirt,1,7209,7209,1731.61
2024-02-15,East,Groceries,Oil,5,1039,5195,1141.17
2024-02-15,South,Furniture,Chair,8,5502,44016,13659.69
2024-02-15,West,Groceries,Beverages,6,14341,86046,15814.11
2024-02-15,North,Groceries,Beverages,8,16585,132680,27898.98
2024-02-15,West,Groceries,Rice,8,11936,95488,23741.52
2024-02-16,West,Groceries,Beverages,5,8827,44135,9699.4
2024-02-16,South,Stationery,Pen,8,10054,80432,12034.41
2024-02-16,North,Stationery,Notebook,2,5903,11806,4065.27
2024-02-17,East,Clothing,Jacket,9,4676,42084,12354.17
2024-02-17,West,Electronics,Smartwatch,1,2584,2584,785.77
2024-02-18,South,Electronics,Headphones,5,14753,73765,18791.89
2024-02-18,North,Clothing,Jacket,7,16238,113666,18502.72
2024-02-18,South,Electronics,Smartwatch,7,17961,125727,11185.89
2024-02-18,West,Electronics,Mobile,4,5187,20748,2810.78
2024-02-20,East,Electronics,Mobile,6,10107,60642,3738.6
2024-02-20,East,Electronics,Smartwatch,8,8170,65360,8036.12
2024-02-21,West,Furniture,Sofa,3,14835,44505,3776.43
2024-02-21,West,Electronics,Mobile,1,11865,11865,4008.92
2024-02-21,North,Groceries,Rice,5,1989,9945,2998.48
2024-02-21,North,Clothing,Jacket,4,10336,41344,10754.8
2024-02-21,East,Electronics,Laptop,7,12327,86289,24670.66
2024-02-23,East,Groceries,Snacks,7,3329,23303,5807.81
2024-02-23,East,Furniture,Bookshelf,4,18165,72660,13743.22
2024-02-23,North,Clothing,Shoes,1,14799,14799,4158.49
2024-02-24,West,Furniture,Sofa,1,15203,15203,2579.23
2024-02-24,West,Furniture,Sofa,9,6355,57195,2882.98
2024-02-24,West,Groceries,Beverages,2,13709,27418,4125.41
2024-02-25,North,Groceries,Rice,6,8252,49512,3218.61
2024-02-25,South,Electronics,Smartwatch,8,11418,91344,17488.91
2024-02-25,West,Electronics,Laptop,2,2941,5882,896.26
2024-02-25,West,Furniture,Sofa,3,19431,58293,9514.37
2024-02-26,East,Furniture,Table,2,13081,26162,3824.52
2024-02-26,East,Groceries,Beverages,9,5952,53568,10307.36
2024-02-27,East,Stationery,Pen,1,17080,17080,2915.43
2024-02-27,North,Groceries,Rice,3,8466,25398,4457.73
2024-02-27,South,Furniture,Bookshelf,8,10400,83200,22951.07
2024-02-27,North,Stationery,Marker,1,7693,7693,1751.62
2024-02-28,North,Groceries,Oil,4,9480,37920,3227.74
2024-02-28,East,Furniture,Sofa,9,3948,35532,10762.11
2024-02-28,North,Electronics,Smartwatch,2,1829,3658,1136.15
2024-02-28,East,Electronics,Smartwatch,9,19030,171270,54013.69
2024-02-28,North,Groceries,Rice,6,12555,75330,25915.98
2024-02-28,East,Electronics,Smartwatch,7,12024,84168,21674.61
2024-02-28,South,Groceries,Snacks,8,11646,93168,6647.92
2024-02-29,West,Furniture,Sofa,1,17620,17620,1211.72
2024-03-01,East,Furniture,Sofa,9,4532,40788,2727.66
2024-03-01,West,Furniture,Bookshelf,1,12075,12075,3990.05
2024-03-02,South,Stationery,Marker,4,6753,27012,4299.5
2024-03-02,East,Groceries,Snacks,8,3891,31128,3896.43
2024-03-03,North,Clothing,Jacket,8,14186,113488,32577.03
2024-03-03,North,Clothing,Shoes,9,18853,169677,57935.41
2024-03-03,South,Stationery,Files,8,11225,89800,26089.08
2024-03-04,East,Stationery,Pen,2,10014,20028,2657.05
2024-03-05,North,Electronics,Headphones,8,2227,17816,2459.44
2024-03-06,North,Furniture,Sofa,2,4470,8940,2920.97
2024-03-06,West,Furniture,Table,3,13124,39372,10818.84
2024-03-06,West,Groceries,Rice,9,15093,135837,20064.57
2024-03-06,South,Groceries,Oil,6,10997,65982,10023.18
2024-03-07,East,Furniture,Bookshelf,4,10106,40424,2773.59
2024-03-08,South,Stationery,Notebook,4,14134,56536,18625.62
2024-03-08,South,Groceries,Snacks,9,2443,21987,6428.77
2024-03-09,North,Furniture,Table,2,4500,9000,1014.65
2024-03-09,South,Groceries,Snacks,8,10989,87912,10391.66
2024-03-09,West,Clothing,Jacket,3,12865,38595,10496.31
2024-03-10,West,Electronics,Headphones,7,2187,15309,3435.72
2024-03-10,South,Furniture,Table,4,11007,44028,9353.83
2024-03-10,East,Groceries,Snacks,6,15685,94110,18613.78
2024-03-10,South,Furniture,Bookshelf,4,19990,79960,19444.06
2024-03-10,West,Stationery,Notebook,3,5910,17730,3850.98
2024-03-10,South,Clothing,Shirt,4,9796,39184,9522.09
2024-03-10,East,Electronics,Smartwatch,1,5463,5463,1585.36
2024-03-11,South,Electronics,Mobile,5,4947,24735,5495.83
2024-03-11,West,Groceries,Snacks,3,18361,55083,11828.7
2024-03-11,North,Electronics,Smartwatch,3,14194,42582,12323.21
2024-03-11,East,Furniture,Table,8,15117,120936,15066.38
2024-03-11,North,Groceries,Oil,8,9116,72928,9937.61
2024-03-12,North,Furniture,Table,7,17764,124348,29439.98
2024-03-12,West,Clothing,Jeans,1,3503,3503,385.16
2024-03-12,East,Furniture,Table,3,17080,51240,2768.13
2024-03-12,West,Furniture,Bookshelf,1,13890,13890,3882.89
2024-03-13,North,Electronics,Smartwatch,6,14552,87312,28405.37
2024-03-13,West,Electronics,Smartwatch,6,13232,79392,16491.85
2024-03-13,North,Furniture,Bookshelf,8,12761,102088,22303.71
2024-03-13,East,Furniture,Chair,9,10653,95877,7145.49
2024-03-13,South,Stationery,Pen,2,2023,4046,1200.56
2024-03-13,East,Electronics,Laptop,4,7362,29448,7991.55
2024-03-14,South,Groceries,Oil,4,8133,32532,7101.8
2024-03-15,South,Electronics,Headphones,6,14512,87072,10906.96
2024-03-15,East,Clothing,Shoes,2,2292,4584,1542.67
2024-03-16,North,Clothing,Jacket,3,13791,41373,7977.42
2024-03-16,West,Groceries,Oil,6,2462,14772,4506.05
2024-03-17,West,Groceries,Rice,4,4467,17868,1626.36
2024-03-17,North,Furniture,Sofa,1,12059,12059,2301.22
2024-03-17,North,Stationery,Pen,8,12429,99432,5243.0
2024-03-18,West,Clothing,Shoes,4,8556,34224,3159.72
2024-03-18,West,Clothing,Jeans,5,18478,92390,25457.84
2024-03-19,North,Groceries,Oil,2,9497,18994,3460.7
2024-03-21,West,Groceries,Oil,4,19657,78628,13960.15
2024-03-21,North,Groceries,Beverages,4,6317,25268,2242.97
2024-03-22,West,Furniture,Sofa,7,15751,110257,36676.7
2024-03-22,South,Groceries,Oil,7,10377,72639,9887.0
2024-03-23,West,Electronics,Mobile,8,11884,95072,8062.75
2024-03-23,West,Electronics,Headphones,3,13476,40428,12644.73
2024-03-24,East,Clothing,Shirt,5,17399,86995,13643.25
2024-03-24,West,Electronics,Laptop,3,19286,57858,15908.36
2024-03-25,North,Furniture,Bookshelf,9,10504,94536,14777.22
2024-03-25,South,Groceries,Beverages,5,14304,71520,7692.83
2024-03-26,South,Groceries,Oil,9,11452,103068,32099.31
2024-03-26,North,Clothing,Shoes,2,10803,21606,2956.77
2024-03-26,West,Furniture,Table,9,6488,58392,8926.86
2024-03-27,South,Electronics,Headphones,4,1326,5304,537.81
2024-03-28,East,Electronics,Headphones,5,19982,99910,5481.07
2024-03-28,West,Stationery,Pen,5,8827,44135,15358.08
2024-03-28,East,Groceries,Beverages,1,3274,3274,566.08
2024-03-28,East,Groceries,Beverages,8,8645,69160,19358.17
2024-03-29,West,Furniture,Bookshelf,7,12696,88872,9308.22
2024-03-29,East,Groceries,Beverages,4,721,2884,844.83
2024-03-29,South,Electronics,Mobile,8,2786,22288,4366.7
2024-03-29,West,Groceries,Oil,3,10526,31578,10537.64
2024-03-29,West,Furniture,Sofa,8,8280,66240,20445.7
2024-03-30,North,Groceries,Snacks,1,2780,2780,393.24
2024-03-30,East,Furniture,Table,2,305,610,61.15
2024-03-30,South,Stationery,Pen,2,9008,18016,3581.78
2024-03-30,North,Electronics,Mobile,4,3210,12840,4367.93
2024-03-30,West,Groceries,Rice,1,8908,8908,2451.81
2024-03-30,South,Electronics,Mobile,7,1373,9611,703.96
2024-03-31,East,Stationery,Pen,3,12838,38514,2391.92
2024-03-31,South,Electronics,Smartwatch,3,16410,49230,10068.78
2024-04-01,West,Groceries,Snacks,8,12406,99248,10124.23
2024-04-01,East,Electronics,Headphones,9,7124,64116,19305.58
2024-04-02,West,Stationery,Pen,1,8920,8920,2951.07
2024-04-02,West,Furniture,Bookshelf,8,17046,136368,9277.47
2024-04-02,North,Stationery,Files,5,5127,25635,8457.96
2024-04-03,East,Clothing,Shirt,2,4882,9764,2323.76
2024-04-03,West,Groceries,Rice,5,4652,23260,3943.77
2024-04-04,North,Clothing,Shirt,9,1138,10242,2338.24
2024-04-04,North,Electronics,Laptop,7,8445,59115,3882.71
2024-04-04,North,Electronics,Laptop,1,5236,5236,616.43
2024-04-04,West,Electronics,Mobile,3,17048,51144,12534.13
2024-04-05,West,Stationery,Notebook,7,14810,103670,19715.17
2024-04-05,North,Electronics,Smartwatch,5,13384,66920,22515.88
2024-04-05,South,Furniture,Bookshelf,8,16192,129536,26497.58
2024-04-05,South,Electronics,Laptop,7,6772,47404,3988.03
2024-04-06,West,Stationery,Notebook,5,6461,32305,4010.33
2024-04-06,North,Furniture,Sofa,1,15096,15096,1972.06
2024-04-06,West,Stationery,Notebook,8,4219,33752,6814.7
2024-04-07,West,Electronics,Headphones,2,5955,11910,2559.24
2024-04-07,East,Electronics,Smartwatch,1,19892,19892,1660.54
2024-04-07,East,Clothing,Shirt,8,12851,102808,22795.45
2024-04-08,South,Groceries,Snacks,5,11195,55975,6244.28
2024-04-08,West,Stationery,Marker,1,14006,14006,4725.25
2024-04-08,South,Stationery,Pen,2,18452,36904,6774.92
2024-04-08,West,Stationery,Notebook,3,6606,19818,5106.08
2024-04-08,South,Furniture,Sofa,4,5274,21096,3575.44
2024-04-08,North,Groceries,Oil,7,2343,16401,2496.91
2024-04-09,North,Stationery,Marker,2,18335,36670,12073.31
2024-04-10,South,Clothing,Shirt,9,16927,152343,14342.94
2024-04-10,West,Furniture,Table,6,728,4368,738.95
2024-04-10,West,Furniture,Table,2,6279,12558,916.03
2024-04-11,East,Clothing,Shirt,9,13597,122373,17408.65
2024-04-11,East,Electronics,Laptop,9,2810,25290,4066.23
2024-04-11,South,Electronics,Laptop,5,1826,9130,2821.75
2024-04-12,East,Groceries,Rice,8,12164,97312,22289.8
2024-04-12,North,Stationery,Notebook,1,6514,6514,460.63
2024-04-12,South,Electronics,Laptop,5,16302,81510,26347.24
2024-04-13,East,Electronics,Headphones,6,2163,12978,3923.62
2024-04-13,North,Furniture,Chair,2,5841,11682,775.96
2024-04-13,West,Furniture,Table,4,11731,46924,4683.5
2024-04-13,East,Clothing,Jacket,6,17786,106716,16057.74
2024-04-13,West,Clothing,Shoes,2,11954,23908,3425.51
2024-04-14,East,Groceries,Rice,8,13287,106296,5350.88
2024-04-14,North,Stationery,Pen,1,10793,10793,2739.96
2024-04-14,East,Furniture,Table,2,4858,9716,3147.85
2024-04-14,South,Stationery,Files,2,18982,37964,5961.51
2024-04-15,South,Furniture,Chair,8,1166,9328,1526.87
2024-04-16,North,Furniture,Chair,8,4622,36976,7005.29
2024-04-16,North,Stationery,Marker,5,3768,18840,4928.84
2024-04-17,South,Groceries,Snacks,6,18906,113436,16377.77
2024-04-17,North,Groceries,Beverages,5,10614,53070,10196.24
2024-04-17,West,Furniture,Chair,7,517,3619,183.89
2024-04-17,South,Groceries,Snacks,8,6278,50224,10967.75
2024-04-17,North,Furniture,Table,4,13527,54108,5300.63
2024-04-18,West,Furniture,Table,6,5687,34122,9146.71
2024-04-18,West,Groceries,Rice,1,1187,1187,351.78
2024-04-18,East,Clothing,Shoes,8,2453,19624,1677.18
2024-04-19,South,Stationery,Notebook,9,12766,114894,14311.28
2024-04-19,South,Clothing,Jacket,3,7930,23790,1994.97
2024-04-19,West,Clothing,Shoes,4,19315,77260,18125.53
2024-04-20,East,Furniture,Sofa,4,7971,31884,5830.15
2024-04-20,South,Stationery,Notebook,3,2235,6705,1443.69
2024-04-21,East,Clothing,Shirt,3,5794,17382,1492.57
2024-04-21,South,Electronics,Headphones,5,13363,66815,6838.48
2024-04-21,South,Furniture,Sofa,1,1517,1517,221.66
2024-04-21,South,Clothing,Shoes,8,12166,97328,15582.02
2024-04-21,North,Groceries,Oil,4,16854,67416,21158.44
2024-04-21,North,Furniture,Sofa,5,15186,75930,26232.68
2024-04-22,East,Electronics,Laptop,6,7480,44880,5815.04
2024-04-22,North,Clothing,Shirt,7,13201,92407,21884.38
2024-04-22,East,Stationery,Notebook,6,14685,88110,6169.91
2024-04-22,West,Clothing,Shirt,9,9964,89676,24404.68
2024-04-23,South,Electronics,Mobile,4,12802,51208,5953.23
2024-04-23,West,Stationery,Notebook,5,2957,14785,1084.58
2024-04-23,South,Clothing,Jacket,5,19931,99655,22490.27
2024-04-23,East,Electronics,Headphones,2,6408,12816,838.17
2024-04-24,North,Groceries,Oil,7,2494,17458,2149.41
2024-04-24,North,Electronics,Mobile,8,4233,33864,8128.83
2024-04-24,North,Electronics,Laptop,4,13312,53248,9472.25
2024-04-24,East,Stationery,Pen,7,7748,54236,8439.39
2024-04-24,West,Electronics,Mobile,2,13345,26690,7503.19
2024-04-25,North,Electronics,Laptop,2,15369,30738,6270.87
2024-04-25,West,Electronics,Mobile,1,11219,11219,3365.85
2024-04-26,East,Clothing,Shoes,5,10040,50200,2713.57
2024-04-27,North,Furniture,Sofa,3,12882,38646,8654.05
2024-04-27,East,Furniture,Bookshelf,3,4677,14031,2645.43
2024-04-27,West,Stationery,Notebook,4,7842,31368,10335.69
2024-04-27,West,Furniture,Chair,5,12049,60245,3277.81
2024-04-27,East,Furniture,Table,4,2576,10304,559.08
2024-04-29,West,Electronics,Laptop,5,5120,25600,1326.44
2024-04-29,North,Stationery,Marker,9,4875,43875,9829.13
2024-04-29,South,Furniture,Bookshelf,9,2303,20727,2286.59
2024-04-29,West,Electronics,Smartwatch,1,5739,5739,1833.99
2024-04-30,South,Stationery,Pen,1,19403,19403,2446.42
2024-04-30,West,Groceries,Rice,4,8102,32408,3625.19
2024-04-30,South,Electronics,Mobile,5,5303,26515,5433.65
2024-04-30,East,Furniture,Table,8,19249,153992,20058.71
2024-04-30,South,Furniture,Table,1,18137,18137,5575.07
2024-05-01,East,Groceries,Oil,6,5592,33552,8675.17
2024-05-01,East,Clothing,Jacket,8,11563,92504,8589.93
2024-05-01,South,Groceries,Beverages,8,19329,154632,18373.13
2024-05-02,North,Furniture,Bookshelf,7,12649,88543,25531.79
2024-05-02,East,Furniture,Table,1,1040,1040,72.47
2024-05-02,West,Clothing,Shirt,1,7832,7832,837.68
2024-05-02,West,Stationery,Marker,7,4775,33425,10240.22
2024-05-03,South,Furniture,Chair,6,12475,74850,9147.25
2024-05-05,West,Stationery,Files,2,12144,24288,3245.56
2024-05-05,South,Furniture,Chair,9,15598,140382,26170.29
2024-05-06,North,Electronics,Smartwatch,1,1281,1281,415.77
2024-05-06,East,Electronics,Smartwatch,2,15238,30476,2333.9
2024-05-06,West,Furniture,Chair,9,7396,66564,5409.93
2024-05-06,West,Clothing,Shoes,6,16197,97182,20008.17
2024-05-06,East,Electronics,Smartwatch,4,3876,15504,3159.99
2024-05-06,East,Clothing,Jeans,8,10802,86416,18757.76
2024-05-07,North,Electronics,Headphones,7,4425,30975,10198.43
2024-05-07,South,Stationery,Marker,7,10966,76762,16206.38
2024-05-07,West,Stationery,Marker,8,17098,136784,47538.32
2024-05-07,East,Furniture,Table,6,18257,109542,29234.9
2024-05-07,East,Stationery,Files,4,1007,4028,390.89
2024-05-09,East,Groceries,Oil,7,13915,97405,14481.78
2024-05-09,East,Groceries,Oil,1,19450,19450,1499.62
2024-05-09,East,Groceries,Beverages,3,15827,47481,12357.39
2024-05-09,North,Electronics,Headphones,9,2313,20817,6399.06
2024-05-10,West,Stationery,Pen,6,2633,15798,1651.64
2024-05-10,East,Furniture,Bookshelf,6,15991,95946,22963.25
2024-05-10,South,Stationery,Files,6,834,5004,1426.12
2024-05-11,South,Groceries,Oil,9,11850,106650,28042.07
2024-05-11,South,Groceries,Rice,1,10545,10545,877.14
2024-05-11,South,Groceries,Snacks,2,1258,2516,860.81
2024-05-11,West,Clothing,Shoes,8,10257,82056,25517.68
2024-05-11,South,Clothing,Jeans,6,4691,28146,4432.03
2024-05-12,South,Stationery,Files,8,19416,155328,19800.18
2024-05-12,North,Furniture,Bookshelf,4,11222,44888,7555.08
2024-05-13,East,Groceries,Beverages,9,9749,87741,18751.02
2024-05-13,North,Stationery,Marker,2,19845,39690,6534.63
2024-05-14,West,Electronics,Headphones,5,5939,29695,3197.48
2024-05-14,East,Groceries,Snacks,4,12295,49180,4975.45
2024-05-14,West,Stationery,Pen,3,1818,5454,1443.67
2024-05-15,North,Clothing,Jacket,7,9972,69804,21007.48
2024-05-15,South,Electronics,Mobile,5,3639,18195,5013.16
2024-05-16,North,Furniture,Bookshelf,9,8529,76761,11541.28
2024-05-17,West,Clothing,Jeans,7,11480,80360,16918.69
2024-05-17,South,Electronics,Mobile,1,14428,14428,956.31
2024-05-18,North,Electronics,Laptop,5,8328,41640,2188.13
2024-05-18,West,Stationery,Notebook,7,15096,105672,15783.61
2024-05-18,North,Clothing,Jacket,1,10855,10855,2354.85
2024-05-18,North,Furniture,Chair,4,8526,34104,2279.95
2024-05-19,West,Groceries,Snacks,7,6711,46977,6177.0
2024-05-20,South,Furniture,Chair,8,5983,47864,8946.93
2024-05-20,South,Electronics,Laptop,9,9799,88191,9098.18
2024-05-20,South,Furniture,Table,8,16811,134488,42197.13
2024-05-21,West,Groceries,Rice,3,14170,42510,14582.63
2024-05-21,South,Electronics,Laptop,5,1953,9765,1048.34
2024-05-21,West,Stationery,Files,1,19544,19544,6149.92
2024-05-22,West,Groceries,Rice,1,12529,12529,2655.14
2024-05-22,South,Furniture,Table,4,17558,70232,12652.52
2024-05-23,South,Clothing,Shoes,4,1777,7108,1519.53
2024-05-23,West,Groceries,Beverages,3,10046,30138,5831.72
2024-05-23,West,Groceries,Beverages,3,17331,51993,7490.76
2024-05-24,North,Clothing,Jeans,3,5095,15285,4203.51
2024-05-24,North,Electronics,Laptop,4,2979,11916,1564.42
2024-05-24,East,Clothing,Shirt,1,2061,2061,305.24
2024-05-25,North,Electronics,Smartwatch,8,17642,141136,45018.49
2024-05-25,South,Furniture,Table,2,8908,17816,5309.49
2024-05-25,West,Clothing,Jeans,7,13088,91616,25104.89
2024-05-25,North,Groceries,Rice,7,14919,104433,12713.96
2024-05-26,North,Clothing,Jacket,7,19351,135457,37762.56
2024-05-26,East,Furniture,Table,3,10880,32640,6597.35
2024-05-26,South,Electronics,Mobile,2,1609,3218,399.32
2024-05-27,West,Electronics,Laptop,2,19237,38474,7101.91
2024-05-27,South,Stationery,Files,4,10066,40264,13739.08
2024-05-28,East,Furniture,Table,6,11553,69318,8553.6
2024-05-28,South,Electronics,Headphones,8,1841,14728,3683.15
2024-05-28,East,Groceries,Beverages,8,17353,138824,32007.88
2024-05-28,East,Electronics,Headphones,5,6250,31250,6784.82
2024-05-29,West,Groceries,Rice,6,14741,88446,25245.22
2024-05-29,North,Electronics,Smartwatch,6,10940,65640,11188.29
2024-05-30,North,Furniture,Table,9,11896,107064,10013.87
2024-05-30,East,Groceries,Snacks,9,15092,135828,10162.72
2024-05-31,South,Furniture,Table,8,9198,73584,14391.56
2024-05-31,South,Stationery,Marker,1,16854,16854,3180.64
2024-05-31,North,Groceries,Oil,3,19998,59994,4481.84
2024-05-31,East,Clothing,Jacket,4,887,3548,514.71
2024-06-01,West,Stationery,Notebook,2,12832,25664,3716.75
2024-06-02,West,Clothing,Shirt,6,4932,29592,2994.13
2024-06-02,West,Groceries,Beverages,1,17318,17318,2191.93
2024-06-03,South,Furniture,Table,1,8296,8296,754.82
2024-06-03,West,Electronics,Smartwatch,4,7435,29740,3066.93
2024-06-03,West,Electronics,Headphones,1,14063,14063,1300.62
2024-06-04,North,Groceries,Snacks,4,16201,64804,5630.9
2024-06-04,North,Furniture,Table,3,19086,57258,12988.48
2024-06-04,North,Stationery,Pen,6,1144,6864,731.61
2024-06-04,North,Groceries,Snacks,7,16943,118601,37584.14
2024-06-04,West,Furniture,Bookshelf,1,9995,9995,1727.82
2024-06-05,North,Electronics,Laptop,5,17534,87670,8147.91
2024-06-05,West,Clothing,Shoes,2,14198,28396,7216.84
2024-06-05,North,Groceries,Snacks,1,5938,5938,778.58
2024-06-06,South,Electronics,Headphones,3,15387,46161,12034.06
2024-06-06,North,Groceries,Snacks,4,9313,37252,8460.46
2024-06-07,East,Groceries,Beverages,1,3590,3590,262.49
2024-06-07,West,Groceries,Rice,4,8063,32252,6472.54
2024-06-07,North,Stationery,Notebook,9,3520,31680,7251.68
2024-06-07,South,Electronics,Smartwatch,5,4450,22250,7681.8
2024-06-08,West,Clothing,Shoes,1,12204,12204,4166.03
2024-06-08,South,Furniture,Table,4,8444,33776,9835.15
2024-06-09,East,Stationery,Pen,7,16689,116823,31253.52
2024-06-09,South,Clothing,Shoes,9,769,6921,2277.04
2024-06-10,North,Stationery,Files,8,7438,59504,17364.99
2024-06-10,South,Electronics,Mobile,3,4501,13503,2168.16
2024-06-10,North,Clothing,Jacket,1,9502,9502,1635.21
2024-06-12,South,Groceries,Beverages,2,8579,17158,1410.53
2024-06-12,South,Electronics,Headphones,3,18876,56628,18629.63
2024-06-12,West,Stationery,Notebook,7,8278,57946,18805.04
2024-06-12,North,Stationery,Files,8,14843,118744,24183.93
2024-06-12,West,Furniture,Table,2,7308,14616,4358.59
2024-06-13,West,Stationery,Files,5,2860,14300,3044.58
2024-06-13,East,Electronics,Headphones,1,11895,11895,3552.0
2024-06-13,West,Stationery,Notebook,6,11013,66078,3646.61
2024-06-14,East,Furniture,Sofa,7,1718,12026,4033.84
2024-06-14,North,Clothing,Shirt,1,18627,18627,5289.24
2024-06-14,East,Electronics,Smartwatch,7,19761,138327,42702.81
2024-06-14,East,Stationery,Marker,1,14410,14410,3338.94
2024-06-14,South,Stationery,Notebook,3,11089,33267,4309.21
2024-06-14,West,Clothing,Shoes,2,19373,38746,9406.49
2024-06-15,West,Furniture,Chair,4,9572,38288,6970.96
2024-06-16,North,Clothing,Shirt,5,6626,33130,6449.73
2024-06-16,West,Clothing,Shoes,9,11484,103356,14621.13
2024-06-16,North,Stationery,Files,9,2247,20223,5311.98
2024-06-16,South,Stationery,Files,3,6539,19617,4112.42
2024-06-16,West,Groceries,Oil,3,1445,4335,1212.48
2024-06-16,North,Clothing,Jacket,3,17832,53496,4142.01
2024-06-17,East,Electronics,Headphones,3,11033,33099,10830.72
2024-06-17,North,Furniture,Table,7,12868,90076,7508.97
2024-06-17,West,Electronics,Smartwatch,8,19647,157176,31049.08
2024-06-18,West,Stationery,Files,9,5596,50364,16468.52
2024-06-18,South,Stationery,Pen,9,14980,134820,31116.59
2024-06-18,North,Stationery,Notebook,7,16031,112217,23362.82
2024-06-19,East,Electronics,Laptop,7,4211,29477,6832.12
2024-06-19,North,Stationery,Marker,6,1857,11142,1349.78
2024-06-21,East,Stationery,Marker,2,6891,13782,1295.63
2024-06-21,West,Furniture,Chair,9,15962,143658,45620.31
2024-06-21,West,Clothing,Shirt,1,9423,9423,588.96
2024-06-21,North,Groceries,Snacks,5,10656,53280,13205.29
2024-06-21,East,Groceries,Rice,1,4995,4995,1217.92
2024-06-22,South,Stationery,Files,9,19265,173385,16294.97
2024-06-23,North,Electronics,Mobile,3,2442,7326,1896.91
2024-06-23,North,Electronics,Mobile,6,18108,108648,16573.29
2024-06-23,West,Stationery,Marker,7,12517,87619,24786.29
2024-06-23,North,Furniture,Chair,2,5818,11636,2490.17
2024-06-23,East,Clothing,Jeans,1,18931,18931,2547.75
2024-06-24,South,Electronics,Smartwatch,7,16278,113946,9628.81
2024-06-24,North,Stationery,Files,1,19293,19293,4980.74
2024-06-25,North,Clothing,Jacket,5,16891,84455,21268.25
2024-06-25,East,Clothing,Shirt,6,1512,9072,3090.74
2024-06-26,South,Furniture,Table,9,12134,109206,19098.54
2024-06-26,North,Stationery,Files,9,11198,100782,12715.32
2024-06-27,North,Electronics,Headphones,5,9943,49715,5003.47
2024-06-28,West,Clothing,Jacket,4,13591,54364,16877.9
2024-06-28,North,Groceries,Rice,3,4182,12546,2112.39
2024-06-28,South,Furniture,Bookshelf,7,18026,126182,36073.26
2024-06-28,North,Stationery,Files,1,4580,4580,1026.73
2024-06-29,East,Stationery,Marker,9,6591,59319,9693.28
2024-06-30,East,Furniture,Table,5,19491,97455,4987.31
2024-06-30,West,Furniture,Chair,2,15875,31750,1600.32
2024-06-30,South,Clothing,Jeans,2,9217,18434,1130.18
2024-06-30,East,Stationery,Notebook,5,5561,27805,2278.47
2024-06-30,South,Stationery,Files,4,10067,40268,5959.33
2024-06-30,North,Electronics,Mobile,2,3927,7854,2199.55
2024-07-01,East,Electronics,Mobile,4,17720,70880,16264.66
2024-07-01,West,Furniture,Table,8,1789,14312,1023.78
2024-07-01,West,Stationery,Pen,6,7835,47010,12958.14
2024-07-01,East,Electronics,Laptop,4,18151,72604,12064.69
2024-07-01,South,Electronics,Headphones,4,16101,64404,9774.74
2024-07-02,East,Clothing,Shirt,6,2527,15162,2897.31
2024-07-02,West,Furniture,Table,2,7946,15892,1038.54
2024-07-02,South,Groceries,Rice,6,1082,6492,1225.71
2024-07-04,West,Furniture,Sofa,3,4181,12543,2670.18
2024-07-04,South,Stationery,Files,3,16754,50262,4532.75
2024-07-04,West,Clothing,Jacket,2,4918,9836,2518.66
2024-07-05,South,Furniture,Bookshelf,9,13875,124875,17995.98
2024-07-05,West,Stationery,Marker,2,3836,7672,2305.38
2024-07-06,East,Stationery,Notebook,1,8825,8825,1189.28
2024-07-06,West,Electronics,Headphones,8,13035,104280,5633.29
2024-07-06,South,Stationery,Marker,2,15211,30422,6315.47
2024-07-08,West,Groceries,Rice,4,9838,39352,7498.07
2024-07-08,South,Groceries,Rice,2,13798,27596,2172.32
2024-07-08,North,Electronics,Laptop,9,9674,87066,4534.89
2024-07-08,North,Stationery,Files,7,5844,40908,11125.86
2024-07-09,South,Clothing,Shoes,9,14678,132102,15032.32
2024-07-10,West,Clothing,Jeans,7,2106,14742,2541.25
2024-07-10,North,Electronics,Headphones,7,18560,129920,39263.51
2024-07-10,North,Electronics,Smartwatch,9,6472,58248,17047.15
2024-07-10,West,Groceries,Snacks,4,16680,66720,16782.33
2024-07-11,North,Electronics,Headphones,6,17249,103494,26167.69
2024-07-11,North,Groceries,Oil,4,2610,10440,1358.48
2024-07-12,West,Furniture,Table,1,1142,1142,154.6
2024-07-12,North,Groceries,Beverages,7,444,3108,555.98
2024-07-12,South,Clothing,Shoes,3,6669,20007,6810.35
2024-07-13,South,Stationery,Marker,5,4298,21490,6878.31
2024-07-13,East,Stationery,Pen,2,7698,15396,1552.21
2024-07-13,West,Clothing,Shirt,2,11514,23028,1433.74
2024-07-14,South,Stationery,Notebook,7,3595,25165,3199.37
2024-07-14,North,Furniture,Table,1,13629,13629,4039.32
2024-07-14,East,Clothing,Shoes,3,17310,51930,14456.41
2024-07-15,West,Clothing,Jeans,1,8721,8721,1984.16
2024-07-16,South,Clothing,Shoes,1,11155,11155,1932.97
2024-07-16,West,Groceries,Beverages,6,18709,112254,30776.22
2024-07-17,North,Groceries,Beverages,8,2758,22064,3062.91
2024-07-17,South,Furniture,Chair,9,13905,125145,18088.97
2024-07-17,South,Clothing,Jeans,1,8179,8179,621.06
2024-07-18,North,Electronics,Mobile,9,14049,126441,7817.6
2024-07-19,West,Electronics,Headphones,7,13977,97839,18814.21
2024-07-19,West,Groceries,Oil,5,15006,75030,17849.39
2024-07-20,East,Stationery,Marker,1,13079,13079,3359.67
2024-07-20,East,Groceries,Oil,8,7829,62632,6814.04
2024-07-20,East,Clothing,Jeans,9,9368,84312,28300.72
2024-07-21,North,Stationery,Files,5,510,2550,404.08
2024-07-21,North,Stationery,Notebook,4,12814,51256,16590.36
2024-07-21,East,Groceries,Beverages,7,18033,126231,37662.35
2024-07-22,East,Stationery,Files,8,9783,78264,10955.52
2024-07-22,West,Clothing,Shoes,7,1731,12117,3720.95
2024-07-22,North,Furniture,Table,5,13511,67555,6084.2
2024-07-23,South,Electronics,Headphones,3,16451,49353,16961.85
2024-07-23,North,Groceries,Rice,4,2843,11372,2682.77
2024-07-24,South,Clothing,Jacket,4,3090,12360,3053.15
2024-07-24,West,Electronics,Mobile,4,1963,7852,1708.0
2024-07-25,East,Clothing,Shoes,3,15104,45312,3224.43
2024-07-26,West,Clothing,Shoes,8,15740,125920,17600.41
2024-07-26,South,Stationery,Pen,5,13718,68590,19168.41
2024-07-26,South,Electronics,Laptop,1,16749,16749,3182.44
2024-07-27,East,Electronics,Mobile,3,14471,43413,14321.38
2024-07-27,North,Stationery,Pen,8,11557,92456,16137.61
2024-07-27,North,Furniture,Bookshelf,6,15475,92850,25280.38
2024-07-27,North,Clothing,Shirt,4,13236,52944,11856.17
2024-07-28,North,Electronics,Mobile,3,7599,22797,3458.26
2024-07-28,North,Furniture,Table,3,5285,15855,4902.18
2024-07-28,South,Furniture,Chair,8,19359,154872,34802.88
2024-07-28,West,Electronics,Headphones,8,4767,38136,6168.6
2024-07-28,North,Electronics,Headphones,3,2959,8877,544.47
2024-07-29,East,Clothing,Shoes,5,9164,45820,11367.52
2024-07-29,North,Furniture,Table,1,5598,5598,1876.7
2024-07-30,South,Groceries,Rice,6,9245,55470,12062.03
2024-07-30,South,Groceries,Oil,3,19243,57729,6723.01
2024-07-30,South,Electronics,Mobile,1,13665,13665,1101.2
2024-07-30,North,Stationery,Files,7,14283,99981,17774.75
2024-07-30,South,Groceries,Beverages,4,531,2124,295.38
2024-07-30,North,Stationery,Marker,2,6280,12560,4220.42
2024-07-31,South,Clothing,Jeans,7,19452,136164,20662.8
2024-07-31,South,Stationery,Notebook,3,19178,57534,8898.61
2024-07-31,South,Clothing,Jacket,5,6842,34210,5875.35
2024-07-31,West,Groceries,Beverages,7,4300,30100,5994.18
2024-08-01,West,Clothing,Shoes,2,969,1938,517.29
2024-08-01,North,Electronics,Mobile,6,9121,54726,17633.49
2024-08-02,South,Groceries,Oil,6,10169,61014,17897.32
2024-08-02,West,Furniture,Table,8,3336,26688,8910.57
2024-08-02,North,Stationery,Pen,7,15711,109977,13129.49
2024-08-03,North,Stationery,Pen,3,18424,55272,13137.88
2024-08-04,West,Groceries,Beverages,9,5476,49284,14324.84
2024-08-05,South,Electronics,Smartwatch,4,9189,36756,9168.62
2024-08-05,South,Clothing,Jeans,2,15704,31408,9399.26
2024-08-06,North,Electronics,Laptop,2,12084,24168,7995.85
2024-08-07,South,Stationery,Notebook,7,9457,66199,10310.12
2024-08-07,North,Clothing,Jacket,1,14235,14235,3114.81
2024-08-07,West,Electronics,Headphones,8,812,6496,1752.56
2024-08-07,East,Electronics,Headphones,2,2811,5622,1687.91
2024-08-07,West,Furniture,Bookshelf,6,2214,13284,2456.5
2024-08-08,South,Groceries,Snacks,9,12586,113274,21595.2
2024-08-08,East,Clothing,Shoes,7,7033,49231,17222.99
2024-08-08,East,Groceries,Beverages,1,7644,7644,765.29
2024-08-08,West,Groceries,Beverages,6,19886,119316,31892.6
2024-08-08,East,Clothing,Jacket,9,7549,67941,22006.94
2024-08-09,North,Electronics,Smartwatch,2,2396,4792,1325.05
2024-08-10,West,Clothing,Jacket,6,15448,92688,26911.89
2024-08-10,East,Electronics,Smartwatch,5,4005,20025,1769.83
2024-08-11,West,Groceries,Beverages,8,16265,130120,26037.02
2024-08-11,East,Clothing,Shoes,3,8507,25521,4865.25
2024-08-11,North,Stationery,Notebook,1,1452,1452,294.82
2024-08-11,South,Clothing,Shirt,8,18872,150976,12503.83
2024-08-12,West,Electronics,Smartwatch,6,13103,78618,5480.34
2024-08-12,West,Furniture,Table,7,17295,121065,15338.92
2024-08-13,North,Furniture,Table,2,7345,14690,4494.43
2024-08-13,South,Clothing,Shirt,3,3294,9882,3227.61
2024-08-13,East,Stationery,Files,4,11293,45172,12825.58
2024-08-14,West,Groceries,Oil,8,14619,116952,35733.18
2024-08-14,East,Furniture,Bookshelf,7,12171,85197,14896.15
2024-08-14,North,Clothing,Shirt,7,11524,80668,11789.31
2024-08-14,East,Furniture,Bookshelf,4,10285,41140,5383.05
2024-08-14,East,Furniture,Sofa,8,5053,40424,3658.39
2024-08-14,West,Clothing,Jacket,1,12591,12591,4154.55
2024-08-14,North,Electronics,Laptop,4,16213,64852,20822.83
2024-08-14,North,Clothing,Shoes,2,6390,12780,3052.11
2024-08-14,West,Electronics,Laptop,6,10836,65016,5847.77
2024-08-15,South,Groceries,Oil,2,6201,12402,1326.55
2024-08-15,East,Groceries,Oil,3,14530,43590,13288.86
2024-08-15,South,Clothing,Shirt,8,2654,21232,3523.71
2024-08-15,North,Stationery,Pen,6,471,2826,984.39
2024-08-16,North,Clothing,Jacket,1,13590,13590,3831.77
2024-08-16,South,Electronics,Smartwatch,7,12306,86142,17447.52
2024-08-16,West,Groceries,Rice,5,6112,30560,6164.93
2024-08-16,South,Stationery,Pen,7,7131,49917,9924.63
2024-08-17,South,Groceries,Rice,9,4152,37368,2533.28
2024-08-17,North,Furniture,Bookshelf,9,2224,20016,1451.9
2024-08-18,North,Stationery,Marker,1,15792,15792,1828.43
2024-08-18,East,Stationery,Marker,4,16398,65592,8981.21
2024-08-19,South,Groceries,Beverages,8,11572,92576,20828.01
2024-08-19,South,Stationery,Files,5,1274,6370,1377.77
2024-08-20,West,Furniture,Sofa,5,5284,26420,7573.08
2024-08-20,East,Electronics,Headphones,7,7069,49483,5159.47
2024-08-20,North,Groceries,Rice,5,11745,58725,10637.71
2024-08-21,East,Furniture,Sofa,4,1584,6336,754.14
2024-08-21,South,Stationery,Notebook,3,11058,33174,7189.19
2024-08-22,West,Clothing,Jacket,2,5033,10066,1747.01
2024-08-22,South,Stationery,Pen,7,11284,78988,19623.33
2024-08-22,North,Electronics,Laptop,6,10119,60714,18395.79
2024-08-22,North,Stationery,Notebook,8,722,5776,1936.3
2024-08-23,East,Electronics,Smartwatch,9,13524,121716,21294.38
2024-08-23,North,Furniture,Table,8,3730,29840,9892.02
2024-08-24,South,Furniture,Chair,8,13106,104848,17777.04
2024-08-24,South,Electronics,Mobile,9,12862,115758,33742.2
2024-08-24,East,Stationery,Marker,6,19104,114624,39236.35
2024-08-25,North,Furniture,Bookshelf,2,5917,11834,3643.68
2024-08-25,West,Stationery,Files,6,3289,19734,2927.6
2024-08-26,South,Stationery,Notebook,5,9198,45990,5193.77
2024-08-26,West,Furniture,Bookshelf,4,6077,24308,5183.91
2024-08-27,North,Stationery,Pen,8,5599,44792,11126.4
2024-08-28,West,Groceries,Rice,4,18341,73364,6734.77
2024-08-28,East,Electronics,Headphones,3,10986,32958,10040.0
2024-08-30,North,Furniture,Chair,8,14906,119248,8347.92
2024-08-31,West,Electronics,Laptop,2,11373,22746,3941.42
2024-08-31,West,Groceries,Beverages,4,14051,56204,4196.75
2024-09-01,West,Clothing,Shirt,3,5429,16287,877.37
2024-09-01,East,Clothing,Shirt,1,18487,18487,4041.66
2024-09-01,South,Furniture,Chair,5,6513,32565,5289.89
2024-09-01,North,Electronics,Headphones,6,4092,24552,3092.9
2024-09-02,East,Stationery,Files,1,1925,1925,299.27
2024-09-02,East,Clothing,Shoes,8,8262,66096,19608.26
2024-09-02,North,Groceries,Snacks,9,12413,111717,10025.56
2024-09-02,East,Stationery,Pen,7,17059,119413,8039.16
2024-09-02,East,Stationery,Pen,3,18425,55275,17141.98
2024-09-03,West,Stationery,Pen,4,12982,51928,6211.21
2024-09-03,South,Clothing,Jacket,7,12191,85337,16219.44
2024-09-03,North,Clothing,Shirt,3,10792,32376,1904.01
2024-09-03,West,Furniture,Chair,7,19594,137158,8578.75
2024-09-03,East,Stationery,Files,2,17206,34412,8731.01
2024-09-04,East,Groceries,Rice,9,10609,95481,24849.91
2024-09-04,South,Groceries,Oil,9,8675,78075,18601.05
2024-09-04,South,Groceries,Beverages,2,13760,27520,5727.33
2024-09-05,West,Groceries,Rice,9,10915,98235,20218.66
2024-09-05,North,Clothing,Jeans,4,1311,5244,1090.52
2024-09-06,West,Groceries,Snacks,8,1034,8272,1383.15
2024-09-06,South,Stationery,Marker,3,13455,40365,2791.64
2024-09-07,North,Groceries,Snacks,9,16356,147204,11116.39
2024-09-07,East,Furniture,Sofa,3,13850,41550,11330.19
2024-09-07,East,Clothing,Jacket,2,15423,30846,5054.14
2024-09-08,East,Clothing,Jacket,7,909,6363,1257.5
2024-09-08,South,Clothing,Jeans,9,5651,50859,6502.96
2024-09-09,East,Stationery,Notebook,4,10898,43592,6893.12
2024-09-09,North,Clothing,Jeans,4,2963,11852,845.44
2024-09-09,East,Groceries,Snacks,8,13213,105704,12772.74
2024-09-09,North,Electronics,Headphones,1,15725,15725,5323.36
2024-09-10,South,Clothing,Shoes,9,16682,150138,51362.08
2024-09-10,West,Clothing,Shoes,1,18161,18161,3620.28
2024-09-11,West,Furniture,Sofa,7,17061,119427,14715.7
2024-09-13,North,Furniture,Table,8,6966,55728,12833.44
2024-09-13,West,Stationery,Pen,6,13559,81354,14356.24
2024-09-14,North,Groceries,Snacks,5,9149,45745,9673.51
2024-09-14,West,Clothing,Jeans,9,1956,17604,1126.75
2024-09-14,North,Furniture,Sofa,5,4697,23485,3516.36
2024-09-15,East,Furniture,Bookshelf,2,17715,35430,12014.51
2024-09-15,North,Groceries,Snacks,1,16759,16759,4138.95
2024-09-16,West,Electronics,Headphones,6,10141,60846,13624.51
2024-09-16,South,Groceries,Oil,8,17127,137016,19108.04
2024-09-16,North,Furniture,Table,1,919,919,303.85
2024-09-16,West,Groceries,Oil,9,12588,113292,27741.01
2024-09-17,West,Electronics,Mobile,4,10555,42220,6023.03
2024-09-17,South,Clothing,Jacket,8,7491,59928,9696.74
2024-09-17,West,Electronics,Smartwatch,8,12788,102304,12389.87
2024-09-17,West,Clothing,Jacket,7,11935,83545,26797.91
2024-09-18,West,Electronics,Smartwatch,1,554,554,133.34
2024-09-20,North,Clothing,Jacket,8,13462,107696,22947.72
2024-09-20,North,Groceries,Snacks,4,7831,31324,5453.3
2024-09-21,South,Furniture,Table,4,8805,35220,2019.85
2024-09-21,South,Groceries,Oil,8,1342,10736,1889.77
2024-09-21,West,Groceries,Beverages,3,18333,54999,15894.35
2024-09-21,South,Clothing,Shoes,6,2921,17526,1758.64
2024-09-22,East,Stationery,Marker,6,3194,19164,6034.71
2024-09-22,South,Clothing,Shoes,8,19583,156664,29056.42
2024-09-23,East,Stationery,Files,3,2831,8493,2376.41
2024-09-23,South,Clothing,Shoes,8,444,3552,285.02
2024-09-24,West,Clothing,Shoes,9,4461,40149,10838.06
2024-09-24,South,Groceries,Oil,5,1678,8390,2127.26
2024-09-24,East,Furniture,Table,7,5611,39277,3594.6
2024-09-25,South,Electronics,Laptop,6,10555,63330,16003.42
2024-09-25,East,Furniture,Sofa,1,12838,12838,1661.81
2024-09-25,East,Electronics,Smartwatch,9,6429,57861,4947.32
2024-09-26,East,Furniture,Chair,4,19556,78224,23086.91
2024-09-27,South,Groceries,Beverages,2,19821,39642,9562.47
2024-09-27,North,Furniture,Table,6,12267,73602,7836.38
2024-09-27,West,Stationery,Notebook,9,7324,65916,12973.44
2024-09-28,East,Furniture,Table,8,10687,85496,6061.01
2024-09-28,East,Furniture,Table,1,13797,13797,900.34
2024-09-28,North,Groceries,Snacks,9,3630,32670,6754.71
2024-09-28,South,Furniture,Table,1,19941,19941,6976.7
2024-09-29,South,Clothing,Shoes,8,9629,77032,17009.68
2024-09-29,South,Electronics,Headphones,4,11172,44688,5954.98
2024-09-29,West,Groceries,Oil,4,15085,60340,17956.97
2024-09-29,South,Groceries,Rice,3,16287,48861,3969.53
2024-09-29,West,Electronics,Mobile,9,17949,161541,22501.14
2024-09-29,North,Clothing,Shirt,3,5895,17685,2690.16
2024-09-30,West,Furniture,Bookshelf,5,756,3780,560.77
2024-09-30,West,Furniture,Bookshelf,9,13537,121833,25003.76
2024-09-30,South,Clothing,Shoes,5,17123,85615,22599.11
2024-10-01,East,Furniture,Bookshelf,5,10694,53470,9015.41
2024-10-01,West,Clothing,Shirt,3,4559,13677,4627.02
2024-10-02,South,Groceries,Oil,6,10272,61632,16537.67
2024-10-02,West,Furniture,Table,4,13270,53080,4999.22
2024-10-03,North,Electronics,Laptop,6,10157,60942,12940.94
2024-10-03,West,Groceries,Beverages,8,13646,109168,29069.47
2024-10-03,West,Electronics,Headphones,4,15902,63608,21093.42
2024-10-03,South,Groceries,Beverages,1,18299,18299,5885.1
2024-10-03,East,Furniture,Sofa,5,17389,86945,17248.09
2024-10-03,East,Electronics,Smartwatch,1,8196,8196,1637.22
2024-10-03,West,Clothing,Shirt,3,13126,39378,6195.2
2024-10-03,South,Electronics,Smartwatch,6,6596,39576,7107.2
2024-10-04,North,Stationery,Marker,1,11654,11654,2990.75
2024-10-04,South,Electronics,Laptop,2,3122,6244,1721.47
2024-10-04,North,Electronics,Mobile,7,17124,119868,6102.03
2024-10-05,West,Groceries,Beverages,2,16358,32716,2025.56
2024-10-05,West,Clothing,Shirt,9,212,1908,140.35
2024-10-06,South,Electronics,Smartwatch,2,17801,35602,8960.27
2024-10-06,North,Stationery,Marker,2,13483,26966,4598.61
2024-10-07,East,Clothing,Shirt,8,10650,85200,4480.3
2024-10-08,East,Clothing,Jacket,9,1231,11079,1212.15
2024-10-09,North,Groceries,Beverages,1,13574,13574,1592.17
2024-10-09,South,Furniture,Table,9,14396,129564,30567.3
2024-10-09,North,Furniture,Sofa,5,260,1300,202.98
2024-10-09,West,Electronics,Mobile,3,8950,26850,8349.85
2024-10-10,East,Stationery,Marker,1,13239,13239,1140.47
2024-10-11,East,Groceries,Rice,9,16622,149598,31132.43
2024-10-11,South,Groceries,Oil,1,5041,5041,1499.86
2024-10-12,East,Clothing,Shirt,9,6469,58221,17913.42
2024-10-12,West,Groceries,Beverages,3,10560,31680,7910.96
2024-10-12,South,Stationery,Files,6,5095,30570,2699.76
2024-10-13,East,Clothing,Shirt,2,6688,13376,902.2
2024-10-13,West,Stationery,Pen,7,11869,83083,22889.6
2024-10-13,South,Stationery,Notebook,2,3501,7002,826.38
2024-10-13,East,Clothing,Jeans,6,16853,101118,15093.56
2024-10-13,South,Furniture,Chair,4,14358,57432,7425.38
2024-10-14,West,Electronics,Mobile,4,9481,37924,2767.95
2024-10-14,South,Stationery,Marker,8,12914,103312,35735.46
2024-10-15,North,Electronics,Smartwatch,2,6371,12742,3400.13
2024-10-15,South,Groceries,Snacks,1,5117,5117,1528.96
2024-10-15,West,Electronics,Smartwatch,6,9492,56952,13846.81
2024-10-15,South,Furniture,Table,5,4843,24215,6554.83
2024-10-16,East,Groceries,Snacks,1,13342,13342,3652.5
2024-10-16,East,Clothing,Shoes,8,5886,47088,15154.49
2024-10-16,South,Furniture,Bookshelf,9,14227,128043,21861.29
2024-10-16,West,Clothing,Jacket,9,8276,74484,23673.9
2024-10-17,East,Stationery,Pen,1,12106,12106,2495.49
2024-10-17,North,Groceries,Snacks,9,7410,66690,12120.19
2024-10-17,South,Electronics,Smartwatch,7,17556,122892,42655.78
2024-10-18,North,Clothing,Jacket,9,15282,137538,23976.85
2024-10-18,West,Electronics,Smartwatch,3,12350,37050,9962.88
2024-10-19,East,Furniture,Sofa,8,14382,115056,9404.85
2024-10-19,North,Groceries,Oil,1,6462,6462,758.71
2024-10-19,North,Electronics,Smartwatch,5,14486,72430,12916.58
2024-10-19,East,Groceries,Beverages,9,2886,25974,5384.27
2024-10-20,South,Stationery,Files,7,9861,69027,3699.91
2024-10-20,South,Groceries,Rice,2,2858,5716,418.89
2024-10-21,East,Furniture,Chair,5,16010,80050,8909.16
2024-10-21,North,Furniture,Bookshelf,3,3458,10374,3017.91
2024-10-21,South,Furniture,Sofa,6,13584,81504,10310.35
2024-10-22,North,Stationery,Notebook,7,14636,102452,33152.22
2024-10-22,South,Clothing,Shoes,2,19738,39476,8840.02
2024-10-22,West,Groceries,Rice,4,9624,38496,12387.89
2024-10-23,North,Stationery,Marker,6,8354,50124,17298.47
2024-10-23,North,Clothing,Jacket,5,3676,18380,1831.68
2024-10-24,South,Clothing,Jeans,9,7547,67923,11098.5
2024-10-24,East,Groceries,Beverages,4,13982,55928,16692.48
2024-10-25,North,Stationery,Files,8,6675,53400,15556.08
2024-10-25,North,Groceries,Oil,4,3559,14236,3030.94
2024-10-26,South,Furniture,Chair,9,14118,127062,44030.32
2024-10-27,North,Groceries,Snacks,9,282,2538,856.0
2024-10-28,East,Stationery,Marker,1,390,390,55.27
2024-10-29,East,Electronics,Headphones,4,13972,55888,6773.36
2024-10-29,East,Electronics,Smartwatch,8,4640,37120,9534.57
2024-10-29,West,Electronics,Headphones,9,3283,29547,4558.26
2024-10-29,West,Furniture,Bookshelf,7,9927,69489,18373.5
2024-10-29,West,Clothing,Shirt,6,10228,61368,6262.24
2024-10-30,South,Furniture,Chair,4,18097,72388,14274.5
2024-10-30,South,Groceries,Oil,6,10718,64308,21970.83
2024-10-30,North,Stationery,Notebook,8,7208,57664,13506.48
2024-10-30,West,Groceries,Beverages,6,7366,44196,6219.89
2024-10-30,South,Stationery,Marker,8,15619,124952,26262.23
2024-10-31,North,Clothing,Jacket,5,10323,51615,7992.68
2024-10-31,East,Clothing,Shirt,6,18640,111840,37003.79
2024-10-31,West,Furniture,Table,7,4982,34874,1903.88
2024-11-01,North,Groceries,Rice,9,3136,28224,1911.66
2024-11-01,North,Groceries,Snacks,1,17955,17955,1948.17
2024-11-01,East,Electronics,Headphones,9,8231,74079,7574.97
2024-11-01,East,Clothing,Jeans,1,3947,3947,1360.3
2024-11-01,South,Furniture,Table,3,10409,31227,4823.84
2024-11-01,North,Stationery,Marker,8,3601,28808,9254.11
2024-11-01,East,Groceries,Beverages,7,13640,95480,25532.2
2024-11-02,North,Furniture,Table,6,984,5904,1351.16
2024-11-02,West,Clothing,Shoes,8,19139,153112,44074.26
2024-11-02,East,Furniture,Table,9,18910,170190,40212.25
2024-11-02,West,Groceries,Rice,4,19276,77104,14629.02
2024-11-03,South,Stationery,Pen,4,4919,19676,5336.27
2024-11-04,South,Clothing,Shoes,5,1751,8755,589.53
2024-11-04,South,Furniture,Table,6,15092,90552,10630.55
2024-11-04,North,Groceries,Snacks,5,15679,78395,22547.45
2024-11-05,West,Electronics,Smartwatch,2,14332,28664,2407.49
2024-11-05,East,Groceries,Oil,9,6922,62298,16305.11
2024-11-05,East,Groceries,Oil,7,12137,84959,15517.44
2024-11-05,East,Groceries,Beverages,8,9854,78832,26391.53
2024-11-07,West,Electronics,Mobile,4,16026,64104,14649.26
2024-11-08,West,Clothing,Shirt,2,3359,6718,1831.87
2024-11-08,North,Groceries,Oil,6,17269,103614,24149.06
2024-11-09,South,Stationery,Marker,7,13937,97559,31201.69
2024-11-09,West,Electronics,Headphones,2,1829,3658,1227.07
2024-11-10,North,Stationery,Marker,6,3416,20496,1540.67
2024-11-11,North,Electronics,Laptop,9,10110,90990,20684.63
2024-11-12,North,Groceries,Oil,2,3735,7470,1666.83
2024-11-12,West,Groceries,Snacks,3,10379,31137,10588.25
2024-11-13,East,Groceries,Rice,8,2478,19824,3127.63
2024-11-13,East,Groceries,Oil,7,658,4606,1466.76
2024-11-13,North,Electronics,Smartwatch,1,18999,18999,4264.69
2024-11-13,South,Electronics,Smartwatch,9,4331,38979,9475.94
2024-11-14,North,Groceries,Rice,1,15727,15727,1295.55
2024-11-15,East,Electronics,Mobile,6,10264,61584,20715.0
2024-11-15,North,Clothing,Jacket,2,11743,23486,2078.94
2024-11-16,East,Groceries,Snacks,2,13321,26642,4836.65
2024-11-17,South,Stationery,Pen,5,11756,58780,14715.09
2024-11-17,North,Clothing,Jeans,9,4644,41796,8119.59
2024-11-18,North,Furniture,Table,6,7966,47796,4311.56
2024-11-18,South,Furniture,Bookshelf,8,11895,95160,8033.99
2024-11-19,West,Electronics,Headphones,9,19962,179658,37019.41
2024-11-19,North,Furniture,Bookshelf,9,8421,75789,24838.83
2024-11-19,South,Furniture,Chair,4,4314,17256,5044.86
2024-11-19,South,Stationery,Notebook,3,14313,42939,4289.58
2024-11-20,South,Furniture,Table,8,14604,116832,32423.52
2024-11-20,West,Furniture,Bookshelf,8,16045,128360,23900.69
2024-11-20,West,Electronics,Mobile,2,5624,11248,1861.9
2024-11-20,East,Groceries,Rice,1,7356,7356,574.92
2024-11-20,North,Groceries,Oil,5,15641,78205,20440.15
2024-11-20,East,Furniture,Chair,3,10975,32925,10202.41
2024-11-21,South,Furniture,Chair,3,18845,56535,14311.47
2024-11-21,North,Clothing,Shoes,2,795,1590,345.4
2024-11-21,West,Groceries,Snacks,5,16688,83440,5523.71
2024-11-22,South,Furniture,Chair,8,14508,116064,21513.39
2024-11-22,North,Electronics,Smartwatch,7,2682,18774,2120.93
2024-11-23,West,Furniture,Table,5,1377,6885,569.22
2024-11-23,West,Clothing,Shoes,6,5378,32268,9389.13
2024-11-23,South,Clothing,Jacket,8,19524,156192,7853.79
2024-11-23,West,Clothing,Shirt,2,8428,16856,1956.22
2024-11-25,South,Clothing,Shoes,4,4511,18044,5134.96
2024-11-26,North,Groceries,Oil,1,5890,5890,1576.68
2024-11-26,South,Electronics,Laptop,6,9490,56940,12837.03
2024-11-27,West,Clothing,Shirt,9,6097,54873,13073.59
2024-11-27,West,Furniture,Sofa,7,10133,70931,22758.13
2024-11-29,North,Furniture,Sofa,5,12397,61985,12253.4
2024-11-29,South,Groceries,Snacks,3,13931,41793,6917.38
2024-11-29,East,Electronics,Smartwatch,4,17571,70284,21484.35
2024-11-30,South,Clothing,Shoes,4,15546,62184,3803.58
2024-11-30,North,Stationery,Marker,3,15223,45669,3862.89
2024-11-30,North,Groceries,Beverages,3,14362,43086,3059.15
2024-11-30,South,Stationery,Files,2,2041,4082,743.11
2024-12-01,North,Stationery,Pen,4,4442,17768,6138.47
2024-12-01,South,Clothing,Jacket,4,700,2800,711.71
2024-12-01,South,Electronics,Mobile,4,17862,71448,9329.24
2024-12-01,East,Stationery,Files,9,9106,81954,13442.29
2024-12-03,East,Groceries,Beverages,8,1492,11936,1998.82
2024-12-03,East,Furniture,Table,9,5899,53091,6433.29
2024-12-03,South,Electronics,Headphones,2,9183,18366,3627.97
2024-12-04,North,Clothing,Shirt,8,13579,108632,18081.77
2024-12-04,East,Stationery,Notebook,5,2621,13105,3160.53
2024-12-05,West,Groceries,Rice,8,3948,31584,4038.74
2024-12-06,West,Stationery,Notebook,6,18384,110304,32540.19
2024-12-07,East,Groceries,Rice,7,4512,31584,7187.46
2024-12-07,North,Stationery,Marker,6,4463,26778,3353.12
2024-12-07,North,Stationery,Files,6,8173,49038,17062.59
2024-12-08,West,Stationery,Marker,7,13743,96201,32047.77
2024-12-08,North,Stationery,Marker,9,1743,15687,1524.96
2024-12-08,East,Furniture,Bookshelf,5,606,3030,543.15
2024-12-09,East,Groceries,Beverages,5,12460,62300,4786.09
2024-12-09,North,Furniture,Table,8,6377,51016,11162.34
2024-12-09,East,Electronics,Laptop,1,5006,5006,1096.47
2024-12-09,East,Stationery,Notebook,1,16560,16560,5145.8
2024-12-10,West,Stationery,Pen,6,16306,97836,33107.17
2024-12-10,West,Stationery,Files,5,6512,32560,8753.92
2024-12-11,West,Groceries,Oil,5,322,1610,130.02
2024-12-11,North,Electronics,Smartwatch,9,5353,48177,15054.44
2024-12-13,North,Electronics,Smartwatch,7,7069,49483,3407.26
2024-12-13,North,Groceries,Oil,8,13206,105648,6824.58
2024-12-13,East,Furniture,Bookshelf,3,15457,46371,5422.02
2024-12-14,North,Clothing,Shirt,3,15724,47172,13886.14
2024-12-14,North,Stationery,Files,5,15633,78165,25888.72
2024-12-14,North,Clothing,Jacket,7,12563,87941,22228.65
2024-12-15,West,Clothing,Jacket,1,13768,13768,1037.49
2024-12-15,West,Clothing,Jacket,4,6999,27996,9595.79
2024-12-16,West,Furniture,Sofa,6,5362,32172,7497.8
2024-12-16,South,Clothing,Jacket,7,2199,15393,2114.82
2024-12-17,East,Furniture,Table,1,17830,17830,5077.01
2024-12-18,West,Groceries,Oil,1,19539,19539,1046.69
2024-12-18,North,Groceries,Snacks,8,10306,82448,12620.16
2024-12-19,North,Clothing,Jeans,6,19430,116580,27374.33
2024-12-20,North,Clothing,Shoes,5,10976,54880,3885.42
2024-12-21,South,Furniture,Bookshelf,7,5305,37135,11987.81
2024-12-21,North,Electronics,Smartwatch,4,7897,31588,7087.04
2024-12-21,West,Electronics,Headphones,2,17356,34712,4449.73
2024-12-22,North,Stationery,Pen,9,7646,68814,20301.3
2024-12-23,West,Electronics,Headphones,8,13116,104928,26389.19
2024-12-23,East,Groceries,Beverages,2,13073,26146,5405.66
2024-12-23,South,Stationery,Marker,2,15752,31504,9496.4
2024-12-24,West,Furniture,Sofa,6,4096,24576,8360.72
2024-12-24,West,Electronics,Mobile,8,4111,32888,8689.87
2024-12-24,South,Furniture,Table,1,19824,19824,2735.8
2024-12-24,South,Electronics,Mobile,4,8833,35332,11312.31
2024-12-25,West,Clothing,Jeans,8,13604,108832,13032.83
2024-12-25,South,Electronics,Laptop,2,12024,24048,3045.06
2024-12-26,South,Clothing,Shoes,1,11385,11385,1600.45
2024-12-26,South,Electronics,Smartwatch,6,10116,60696,6393.65
2024-12-26,North,Stationery,Pen,1,3499,3499,888.72
2024-12-28,West,Stationery,Pen,2,18069,36138,1975.62
2024-12-28,East,Clothing,Jeans,2,18893,37786,10461.59
2024-12-28,South,Groceries,Rice,6,7082,42492,7187.49
2024-12-29,North,Clothing,Jeans,7,917,6419,1304.14
2024-12-29,South,Furniture,Table,4,7824,31296,1644.15
2024-12-30,South,Clothing,Shoes,3,14949,44847,2490.28
2024-12-30,North,Groceries,Beverages,5,10872,54360,14958.76
2024-12-30,East,Furniture,Table,6,3083,18498,4412.71
2024-12-30,West,Stationery,Notebook,5,10232,51160,7965.14
2024-12-30,West,Stationery,Notebook,4,5544,22176,2700.54
2024-12-31,South,Furniture,Sofa,9,18849,169641,10351.42
2024-12-31,South,Furniture,Sofa,8,1998,15984,4445.47
2024-12-31,West,Stationery,Marker,2,14831,29662,4640.86
2024-12-31,North,Electronics,Mobile,3,10924,32772,2996.59
2025-01-01,West,Furniture,Bookshelf,8,14156,113248,20617.26
2025-01-02,East,Stationery,Notebook,1,19523,19523,5224.58
2025-01-03,North,Furniture,Bookshelf,3,13743,41229,8799.57
2025-01-04,South,Clothing,Jeans,3,18363,55089,15122.77
2025-01-04,East,Clothing,Shirt,5,16960,84800,14391.59
2025-01-04,West,Groceries,Oil,9,19533,175797,11640.27
2025-01-05,North,Furniture,Chair,8,7019,56152,14920.36
2025-01-05,South,Clothing,Shirt,9,14839,133551,30442.52
2025-01-05,South,Clothing,Shoes,5,2217,11085,2638.78
2025-01-05,South,Furniture,Sofa,1,16967,16967,3644.56
2025-01-05,South,Furniture,Table,1,11685,11685,2546.07
2025-01-05,West,Clothing,Jeans,5,1513,7565,2647.41
2025-01-07,North,Clothing,Shoes,5,18911,94555,14109.98
2025-01-07,North,Stationery,Marker,9,453,4077,250.77
2025-01-07,East,Groceries,Oil,3,16689,50067,11670.62
2025-01-07,West,Groceries,Beverages,6,13975,83850,4258.71
2025-01-08,West,Groceries,Beverages,8,8672,69376,22133.48
2025-01-08,West,Furniture,Chair,8,17296,138368,17129.95
2025-01-08,West,Electronics,Mobile,1,4358,4358,731.69
2025-01-08,East,Clothing,Shoes,7,2666,18662,2753.39
2025-01-08,North,Furniture,Sofa,6,1460,8760,2030.56
2025-01-08,North,Electronics,Smartwatch,1,6785,6785,2298.31
2025-01-09,East,Clothing,Jacket,8,1341,10728,2743.26
2025-01-09,East,Groceries,Rice,4,8159,32636,7928.31
2025-01-09,West,Clothing,Jeans,7,11642,81494,4371.91
2025-01-10,East,Furniture,Sofa,5,14727,73635,16509.68
2025-01-10,South,Stationery,Marker,4,15139,60556,7669.3
2025-01-10,West,Groceries,Rice,5,16673,83365,6553.18
2025-01-11,West,Groceries,Snacks,6,11977,71862,15018.98
2025-01-12,East,Clothing,Shoes,9,10626,95634,20108.59
2025-01-12,West,Stationery,Marker,7,8157,57099,3936.52
2025-01-12,South,Groceries,Oil,1,4414,4414,1245.62
2025-01-12,East,Groceries,Oil,6,13582,81492,12284.5
2025-01-13,East,Stationery,Pen,9,19683,177147,54726.2
2025-01-13,West,Furniture,Table,9,14260,128340,29067.98
2025-01-14,East,Stationery,Pen,6,13162,78972,22126.67
2025-01-14,East,Electronics,Mobile,6,10267,61602,10444.23
2025-01-14,West,Clothing,Shirt,2,2260,4520,1366.46
2025-01-14,West,Stationery,Marker,1,3335,3335,1059.09
2025-01-15,West,Groceries,Rice,3,17915,53745,5966.98
2025-01-15,South,Electronics,Smartwatch,1,2313,2313,160.9
2025-01-15,South,Stationery,Marker,3,710,2130,192.11
2025-01-15,South,Electronics,Mobile,4,7043,28172,3298.4
2025-01-15,South,Furniture,Sofa,6,5449,32694,11385.42
2025-01-15,East,Electronics,Smartwatch,5,4091,20455,3526.21
2025-01-16,East,Electronics,Smartwatch,1,14517,14517,1337.77
2025-01-16,North,Electronics,Smartwatch,3,10978,32934,8986.02
2025-01-17,South,Clothing,Jeans,3,13586,40758,12570.8
2025-01-17,North,Clothing,Jacket,9,9471,85239,23158.05
2025-01-17,East,Furniture,Table,6,7411,44466,2760.7
2025-01-17,West,Groceries,Rice,7,9914,69398,6910.14
2025-01-19,North,Groceries,Beverages,7,1500,10500,3310.25
2025-01-19,East,Stationery,Pen,6,14029,84174,24736.93
2025-01-21,North,Furniture,Chair,3,2482,7446,1457.93
2025-01-21,East,Stationery,Notebook,9,4093,36837,9836.7
2025-01-21,East,Groceries,Beverages,4,4022,16088,1151.01
2025-01-21,South,Furniture,Chair,8,11920,95360,23090.95
2025-01-21,East,Stationery,Marker,2,2098,4196,1447.86
2025-01-21,South,Electronics,Smartwatch,4,13028,52112,9861.08
2025-01-22,South,Electronics,Laptop,5,7269,36345,2117.5
2025-01-22,South,Electronics,Mobile,1,10615,10615,2785.21
2025-01-22,East,Electronics,Smartwatch,3,6208,18624,5882.42
2025-01-22,North,Furniture,Table,4,16146,64584,10213.47
2025-01-23,East,Stationery,Files,9,17978,161802,20062.95
2025-01-23,North,Groceries,Rice,4,4333,17332,4336.46
2025-01-23,West,Groceries,Oil,7,3739,26173,3844.73
2025-01-23,East,Furniture,Bookshelf,4,833,3332,319.11
2025-01-24,South,Furniture,Table,3,4309,12927,962.92
2025-01-24,South,Stationery,Marker,2,5379,10758,1715.25
2025-01-25,North,Groceries,Oil,4,4954,19816,2576.3
2025-01-25,South,Stationery,Notebook,7,3821,26747,5536.3
2025-01-25,North,Stationery,Files,9,19715,177435,24614.82
2025-01-26,North,Furniture,Chair,9,2442,21978,5599.55
2025-01-26,West,Groceries,Oil,5,15734,78670,26235.2
2025-01-26,East,Stationery,Marker,9,6995,62955,12398.09
2025-01-26,East,Clothing,Jeans,8,9968,79744,9777.69
2025-01-27,West,Furniture,Table,3,16134,48402,15427.12
2025-01-27,North,Furniture,Table,1,5884,5884,725.86
2025-01-27,North,Stationery,Marker,3,5257,15771,3332.01
2025-01-27,East,Stationery,Files,4,3888,15552,2103.98
2025-01-27,West,Furniture,Chair,7,646,4522,1274.59
2025-01-27,North,Furniture,Bookshelf,9,2595,23355,1837.18
2025-01-28,East,Clothing,Jacket,8,7591,60728,8054.6
2025-01-29,West,Furniture,Chair,3,2790,8370,1659.33
2025-01-30,North,Groceries,Oil,1,12255,12255,3582.27
2025-01-30,South,Electronics,Headphones,6,11626,69756,10526.44
2025-01-30,East,Stationery,Pen,7,11592,81144,13518.79
2025-01-30,South,Groceries,Snacks,3,4737,14211,1088.42
2025-01-31,North,Electronics,Smartwatch,4,8404,33616,11385.91
2025-01-31,West,Clothing,Jacket,6,13023,78138,14488.89
2025-01-31,South,Groceries,Snacks,9,19821,178389,34194.41
2025-02-02,West,Clothing,Shirt,9,529,4761,1491.37
2025-02-02,North,Furniture,Bookshelf,8,6896,55168,7652.27
2025-02-02,East,Clothing,Jacket,3,19050,57150,8938.25
2025-02-03,East,Clothing,Jeans,5,5175,25875,5727.8
2025-02-03,West,Clothing,Shirt,4,689,2756,616.36
2025-02-03,South,Groceries,Beverages,5,2460,12300,3212.44
2025-02-04,North,Stationery,Pen,6,15155,90930,18593.37
2025-02-04,West,Electronics,Headphones,2,17722,35444,11418.59
2025-02-04,South,Stationery,Notebook,5,18240,91200,24188.16
2025-02-04,South,Stationery,Notebook,2,15981,31962,7516.79
2025-02-04,North,Electronics,Headphones,4,8060,32240,6380.13
2025-02-05,South,Stationery,Marker,2,4549,9098,1653.19
2025-02-05,West,Stationery,Files,4,19881,79524,21761.82
2025-02-05,West,Electronics,Laptop,5,3624,18120,4457.28
2025-02-05,South,Clothing,Shirt,1,4870,4870,977.97
2025-02-05,West,Stationery,Marker,2,3447,6894,698.54
2025-02-06,East,Clothing,Jeans,9,13883,124947,42315.03
2025-02-06,West,Furniture,Chair,6,5131,30786,2286.05
2025-02-06,East,Clothing,Shirt,1,4875,4875,1195.64
2025-02-06,South,Stationery,Pen,4,1067,4268,1129.37
2025-02-07,East,Stationery,Pen,4,16671,66684,6114.3
2025-02-08,North,Groceries,Rice,5,6189,30945,10024.62
2025-02-08,South,Furniture,Table,4,1280,5120,851.47
2025-02-08,East,Clothing,Jeans,6,3271,19626,1199.82
2025-02-08,South,Clothing,Jacket,9,2359,21231,6053.76
2025-02-08,North,Electronics,Laptop,5,19536,97680,9870.15
2025-02-09,South,Stationery,Files,6,13628,81768,23433.44
2025-02-09,North,Stationery,Notebook,3,4946,14838,3913.97
2025-02-10,South,Groceries,Rice,5,1924,9620,2626.52
2025-02-10,North,Furniture,Sofa,9,3864,34776,2060.73
2025-02-11,South,Groceries,Oil,6,9635,57810,7672.31
2025-02-11,East,Clothing,Jeans,9,5397,48573,8226.58
2025-02-12,North,Electronics,Mobile,6,2305,13830,741.93
2025-02-12,South,Groceries,Beverages,5,1207,6035,369.46
2025-02-12,East,Furniture,Sofa,4,6499,25996,3043.05
2025-02-12,North,Furniture,Chair,9,9662,86958,16871.09
2025-02-12,East,Groceries,Rice,5,17709,88545,21766.83
2025-02-13,South,Clothing,Shoes,3,16595,49785,4756.09
2025-02-13,East,Furniture,Chair,3,19732,59196,3836.19
2025-02-13,East,Clothing,Shirt,5,12872,64360,19524.02
2025-02-13,North,Clothing,Shoes,3,2043,6129,1058.89
2025-02-14,West,Clothing,Jacket,4,993,3972,498.64
2025-02-14,South,Groceries,Beverages,3,17871,53613,16168.96
2025-02-14,South,Clothing,Jeans,3,9863,29589,5022.73
2025-02-14,North,Electronics,Mobile,1,4831,4831,1020.67
2025-02-15,South,Clothing,Shirt,2,919,1838,249.44
2025-02-15,North,Clothing,Jacket,1,415,415,111.01
2025-02-15,North,Stationery,Marker,9,16959,152631,36819.73
2025-02-15,East,Groceries,Oil,6,11622,69732,9207.58
2025-02-16,North,Groceries,Rice,3,12716,38148,10287.21
2025-02-16,South,Clothing,Shirt,7,15557,108899,22180.35
2025-02-16,North,Furniture,Table,8,3416,27328,4894.31
2025-02-17,South,Electronics,Headphones,9,13796,124164,23312.63
2025-02-17,East,Electronics,Smartwatch,7,4863,34041,10985.09
2025-02-17,South,Stationery,Pen,3,1942,5826,1276.46
2025-02-17,North,Groceries,Rice,8,15776,126208,22016.69
2025-02-18,West,Stationery,Files,6,15720,94320,8464.39
2025-02-18,North,Clothing,Jacket,2,18491,36982,6802.19
2025-02-18,East,Clothing,Shoes,4,5457,21828,2332.69
2025-02-18,East,Furniture,Sofa,9,16571,149139,31154.42
2025-02-18,West,Furniture,Chair,4,4039,16156,3810.52
2025-02-19,West,Electronics,Headphones,5,19109,95545,22360.74
2025-02-19,South,Clothing,Shoes,3,17772,53316,8699.87
2025-02-19,East,Clothing,Jacket,4,18460,73840,11954.69
2025-02-19,South,Groceries,Rice,2,14999,29998,5675.49
2025-02-19,South,Clothing,Jacket,6,15883,95298,15785.27
2025-02-20,West,Furniture,Sofa,2,2282,4564,689.01
2025-02-20,West,Clothing,Jacket,6,9183,55098,19108.25
2025-02-20,South,Stationery,Files,5,2866,14330,4209.92
2025-02-20,North,Electronics,Smartwatch,6,19656,117936,34060.18
2025-02-21,East,Groceries,Oil,3,17978,53934,7289.52
2025-02-22,West,Electronics,Smartwatch,7,12148,85036,27249.43
2025-02-23,South,Electronics,Laptop,6,8567,51402,12824.71
2025-02-23,East,Furniture,Table,1,1484,1484,106.95
2025-02-23,North,Clothing,Jacket,8,2103,16824,5727.0
2025-02-23,North,Stationery,Notebook,4,6986,27944,7381.97
2025-02-23,North,Clothing,Jeans,6,5433,32598,10069.13
2025-02-23,East,Electronics,Laptop,6,4862,29172,3448.68
2025-02-24,East,Furniture,Sofa,8,6228,49824,2577.46
2025-02-24,North,Furniture,Bookshelf,5,18801,94005,13771.83
2025-02-25,South,Electronics,Mobile,3,14279,42837,3260.12
2025-02-25,North,Clothing,Jeans,2,6440,12880,3370.29
2025-02-25,North,Clothing,Jeans,7,3390,23730,5208.4
2025-02-25,South,Groceries,Snacks,8,2138,17104,5769.16
2025-02-25,South,Furniture,Chair,2,17261,34522,1733.84
2025-02-26,North,Electronics,Laptop,5,14221,71105,10135.36
2025-02-27,South,Stationery,Notebook,1,18363,18363,2753.09
2025-02-27,West,Clothing,Shoes,7,19800,138600,25297.82
2025-02-27,North,Clothing,Shoes,4,6008,24032,4925.88
2025-02-27,South,Groceries,Snacks,1,19095,19095,6056.93
2025-02-27,East,Electronics,Smartwatch,9,13007,117063,33721.31
2025-02-27,North,Furniture,Bookshelf,5,9617,48085,10670.67
2025-02-28,North,Electronics,Headphones,7,7362,51534,11937.58
2025-02-28,North,Electronics,Mobile,4,15552,62208,18984.94
2025-02-28,East,Stationery,Pen,1,6419,6419,1974.67
2025-02-28,South,Stationery,Notebook,4,2793,11172,3501.69
2025-02-28,East,Stationery,Pen,4,11532,46128,6309.07
2025-02-28,East,Furniture,Chair,5,18476,92380,32075.61
2025-03-01,South,Groceries,Oil,5,4609,23045,6909.67
2025-03-01,North,Stationery,Marker,6,9069,54414,17345.29
2025-03-02,North,Furniture,Bookshelf,7,12944,90608,7210.43
2025-03-02,North,Stationery,Pen,8,1389,11112,1069.47
2025-03-02,West,Electronics,Headphones,8,8477,67816,15660.02
2025-03-03,South,Furniture,Bookshelf,3,10958,32874,4729.22
2025-03-04,North,Stationery,Notebook,4,1341,5364,1261.93
2025-03-04,North,Stationery,Marker,5,8871,44355,13358.45
2025-03-04,West,Clothing,Jeans,6,19722,118332,33962.36
2025-03-06,South,Clothing,Jeans,5,17352,86760,14540.14
2025-03-06,South,Furniture,Chair,4,2535,10140,2458.69
2025-03-06,West,Electronics,Mobile,5,17557,87785,29645.63
2025-03-06,North,Electronics,Mobile,5,16411,82055,23348.52
2025-03-07,East,Groceries,Snacks,2,1692,3384,698.57
2025-03-08,West,Electronics,Headphones,1,6611,6611,1763.23
2025-03-08,West,Electronics,Smartwatch,2,9444,18888,4532.24
2025-03-08,East,Groceries,Oil,3,16979,50937,11534.06
2025-03-09,East,Electronics,Mobile,5,17395,86975,18556.93
2025-03-09,North,Electronics,Smartwatch,8,18682,149456,21179.51
2025-03-10,East,Groceries,Beverages,6,2565,15390,4370.58
2025-03-11,South,Clothing,Shirt,5,14171,70855,19143.01
2025-03-11,North,Clothing,Jacket,6,17632,105792,26436.58
2025-03-12,North,Groceries,Oil,3,9093,27279,2045.31
2025-03-12,West,Stationery,Files,1,16869,16869,1076.87
2025-03-12,East,Groceries,Beverages,7,5133,35931,10276.72
2025-03-12,East,Stationery,Pen,4,6285,25140,3414.69
2025-03-13,North,Electronics,Smartwatch,3,18132,54396,3667.79
2025-03-13,East,Stationery,Files,9,10945,98505,13231.4
2025-03-13,North,Furniture,Sofa,7,9060,63420,7152.91
2025-03-13,West,Furniture,Sofa,8,11613,92904,24228.63
2025-03-13,South,Groceries,Oil,9,9006,81054,27632.69
2025-03-13,South,Clothing,Jacket,1,17661,17661,6011.67
2025-03-14,East,Furniture,Chair,1,17066,17066,5303.74
2025-03-14,North,Furniture,Table,6,2268,13608,2421.54
2025-03-14,West,Groceries,Rice,1,6473,6473,1235.96
2025-03-15,South,Groceries,Rice,7,18010,126070,16850.72
2025-03-16,South,Stationery,Files,1,14489,14489,3908.18
2025-03-16,North,Electronics,Mobile,2,3367,6734,1535.66
2025-03-17,South,Electronics,Headphones,8,18325,146600,47157.5
2025-03-17,West,Furniture,Sofa,2,7566,15132,2631.94
2025-03-18,North,Stationery,Pen,5,17168,85840,27358.01
2025-03-18,North,Clothing,Jacket,4,9570,38280,4312.59
2025-03-18,North,Groceries,Rice,6,18018,108108,14742.02
2025-03-18,West,Furniture,Bookshelf,9,955,8595,2589.17
2025-03-18,South,Clothing,Shirt,5,18044,90220,7265.84
2025-03-18,South,Stationery,Files,9,19894,179046,39539.28
2025-03-19,East,Furniture,Bookshelf,1,11320,11320,2865.5
2025-03-19,East,Stationery,Files,2,14600,29200,1608.23
2025-03-19,North,Clothing,Shirt,6,2615,15690,2179.41
2025-03-19,North,Electronics,Laptop,5,18305,91525,22361.02
2025-03-19,South,Electronics,Headphones,8,17332,138656,30337.47
2025-03-20,East,Furniture,Sofa,6,18625,111750,22330.95
2025-03-20,West,Furniture,Bookshelf,4,9867,39468,3003.98
2025-03-20,East,Electronics,Smartwatch,1,17311,17311,5829.43
2025-03-21,South,Groceries,Oil,3,18233,54699,13571.7
2025-03-21,East,Stationery,Pen,2,11160,22320,4288.39
2025-03-22,West,Groceries,Beverages,9,11092,99828,30582.77
2025-03-22,North,Groceries,Oil,7,17346,121422,35835.35
2025-03-22,East,Clothing,Shoes,2,11399,22798,7020.79
2025-03-23,East,Groceries,Snacks,1,9646,9646,2140.88
2025-03-24,West,Furniture,Sofa,4,16535,66140,7436.24
2025-03-25,West,Electronics,Smartwatch,2,9201,18402,4576.79
2025-03-25,South,Furniture,Bookshelf,2,5324,10648,616.63
2025-03-25,South,Clothing,Jacket,2,8988,17976,4278.85
2025-03-25,South,Groceries,Snacks,9,11548,103932,18109.35
2025-03-25,East,Electronics,Mobile,1,15123,15123,4439.24
2025-03-27,East,Electronics,Laptop,5,17309,86545,25628.4
2025-03-27,West,Electronics,Laptop,6,19022,114132,27355.69
2025-03-27,East,Groceries,Snacks,1,17078,17078,4853.91
2025-03-27,East,Furniture,Chair,4,3690,14760,788.56
2025-03-28,North,Clothing,Jeans,3,6255,18765,1060.0
2025-03-28,West,Clothing,Shoes,7,13972,97804,22714.15
2025-03-28,North,Clothing,Jacket,6,11625,69750,7946.72
2025-03-29,West,Electronics,Smartwatch,1,4030,4030,539.14
2025-03-30,North,Clothing,Jeans,9,7621,68589,6346.7
2025-03-30,South,Groceries,Beverages,5,18407,92035,23289.09
2025-03-30,North,Furniture,Chair,5,19265,96325,17012.04
2025-03-30,West,Furniture,Table,8,14498,115984,32986.65
2025-03-31,South,Electronics,Mobile,6,6076,36456,11825.78
2025-03-31,South,Clothing,Shirt,5,13745,68725,10397.03
2025-04-01,North,Electronics,Headphones,4,4744,18976,4772.66
2025-04-01,South,Stationery,Files,6,9546,57276,17981.6
2025-04-02,West,Electronics,Laptop,9,19392,174528,57904.56
2025-04-02,North,Furniture,Table,5,17006,85030,22911.24
2025-04-02,South,Clothing,Jeans,1,14622,14622,5025.28
2025-04-03,West,Furniture,Table,1,8947,8947,1885.05
2025-04-03,East,Groceries,Oil,7,18943,132601,38192.03
2025-04-04,East,Clothing,Shirt,8,8466,67728,4046.15
2025-04-04,North,Groceries,Oil,4,5982,23928,3085.13
2025-04-04,West,Groceries,Rice,9,7694,69246,4765.28
2025-04-05,South,Groceries,Snacks,1,7318,7318,1901.79
2025-04-05,South,Groceries,Snacks,1,9507,9507,1150.72
2025-04-06,North,Groceries,Beverages,7,18948,132636,20269.34
2025-04-06,South,Stationery,Pen,4,5809,23236,6603.78
2025-04-06,South,Electronics,Headphones,8,17265,138120,8071.24
2025-04-06,West,Groceries,Oil,5,19747,98735,33686.41
2025-04-07,South,Groceries,Oil,6,17525,105150,18296.39
2025-04-08,North,Groceries,Snacks,5,9081,45405,7743.28
2025-04-08,West,Stationery,Marker,4,6746,26984,7106.1
2025-04-08,North,Groceries,Rice,5,16723,83615,19765.56
2025-04-08,West,Stationery,Marker,2,2540,5080,1587.68
2025-04-08,East,Clothing,Jeans,9,14474,130266,25156.25
2025-04-10,West,Groceries,Oil,9,9184,82656,16019.26
2025-04-10,East,Electronics,Mobile,1,13950,13950,704.2
2025-04-10,North,Furniture,Chair,4,16121,64484,7354.62
2025-04-10,North,Clothing,Jeans,9,17542,157878,48200.33
2025-04-10,North,Groceries,Beverages,9,17968,161712,10103.57
2025-04-11,North,Groceries,Oil,9,10532,94788,18189.0
2025-04-11,West,Furniture,Chair,7,2396,16772,4646.46
2025-04-11,East,Electronics,Smartwatch,9,14510,130590,25221.23
2025-04-11,North,Stationery,Files,1,19625,19625,3459.28
2025-04-11,South,Groceries,Oil,7,16684,116788,27078.54
2025-04-11,East,Electronics,Smartwatch,9,1715,15435,4925.29
2025-04-11,South,Furniture,Sofa,5,6247,31235,7326.75
2025-04-11,North,Stationery,Notebook,4,9380,37520,9071.54
2025-04-12,East,Groceries,Rice,8,17485,139880,25672.46
2025-04-12,East,Furniture,Sofa,9,10601,95409,10021.35
2025-04-13,East,Groceries,Rice,9,1262,11358,878.68
2025-04-14,South,Furniture,Bookshelf,6,19159,114954,12722.68
2025-04-15,North,Furniture,Chair,9,6518,58662,5871.24
2025-04-15,North,Electronics,Mobile,6,1008,6048,1496.18
2025-04-16,West,Clothing,Shirt,7,1254,8778,1756.4
2025-04-18,East,Electronics,Headphones,3,11661,34983,5289.4
2025-04-18,South,Electronics,Mobile,4,7560,30240,8993.89
2025-04-18,North,Electronics,Headphones,4,16023,64092,12339.79
2025-04-19,North,Furniture,Sofa,3,17789,53367,5492.32
2025-04-19,East,Stationery,Notebook,6,3642,21852,3518.16
2025-04-20,South,Groceries,Oil,8,1361,10888,1549.55
2025-04-21,North,Clothing,Shoes,7,8787,61509,3262.09
2025-04-21,South,Stationery,Notebook,8,15906,127248,15904.97
2025-04-23,West,Groceries,Rice,4,1045,4180,224.8
2025-04-23,West,Electronics,Headphones,9,7497,67473,6022.93
2025-04-24,North,Furniture,Bookshelf,3,8435,25305,6900.07
2025-04-24,West,Groceries,Oil,1,9831,9831,2815.7
2025-04-24,East,Electronics,Headphones,8,15655,125240,14492.49
2025-04-25,West,Groceries,Snacks,6,12350,74100,24610.03
2025-04-25,North,Electronics,Headphones,1,16479,16479,3227.23
2025-04-26,West,Clothing,Shoes,8,744,5952,1630.22
2025-04-26,South,Electronics,Mobile,7,15502,108514,13639.87
2025-04-26,East,Clothing,Shoes,4,9246,36984,11928.5
2025-04-26,North,Electronics,Headphones,5,14983,74915,11499.83
2025-04-26,West,Stationery,Pen,9,14091,126819,9383.29
2025-04-28,East,Furniture,Bookshelf,1,15059,15059,1057.22
2025-04-28,North,Electronics,Smartwatch,5,11426,57130,11514.54
2025-04-29,North,Stationery,Marker,1,9400,9400,2118.77
2025-04-29,South,Groceries,Snacks,3,1749,5247,540.79
2025-04-29,East,Stationery,Files,7,1063,7441,1115.21
2025-04-30,East,Stationery,Files,6,18566,111396,6404.74
2025-04-30,South,Electronics,Laptop,9,15526,139734,17746.01
2025-04-30,North,Electronics,Smartwatch,8,18396,147168,32958.11
2025-05-01,East,Stationery,Marker,4,4911,19644,4314.31
2025-05-01,North,Electronics,Headphones,1,2330,2330,361.6
2025-05-02,East,Clothing,Jacket,4,18794,75176,16287.45
2025-05-02,West,Stationery,Files,4,9416,37664,2517.79
2025-05-02,South,Electronics,Laptop,6,3665,21990,6499.43
2025-05-03,East,Groceries,Beverages,2,9599,19198,4553.45
2025-05-03,East,Furniture,Bookshelf,7,2114,14798,4307.04
2025-05-03,South,Electronics,Laptop,6,5698,34188,10309.9
2025-05-03,South,Stationery,Pen,7,16499,115493,7778.84
2025-05-04,South,Clothing,Jeans,1,14751,14751,4708.97
2025-05-04,South,Electronics,Headphones,5,8617,43085,8079.71
2025-05-04,East,Electronics,Mobile,8,2867,22936,1976.4
2025-05-05,East,Electronics,Mobile,2,14736,29472,8289.7
2025-05-05,South,Clothing,Jacket,8,627,5016,856.14
2025-05-05,North,Stationery,Files,7,18880,132160,6679.84
2025-05-06,East,Clothing,Shirt,8,3558,28464,2708.11
2025-05-06,East,Clothing,Shoes,9,4677,42093,6411.95
2025-05-07,South,Stationery,Marker,2,18215,36430,2677.66
2025-05-07,East,Electronics,Laptop,4,5319,21276,2649.14
2025-05-08,South,Clothing,Jeans,7,2611,18277,1835.66
2025-05-09,South,Electronics,Headphones,5,2054,10270,3250.07
2025-05-09,East,Clothing,Jeans,8,5277,42216,9978.51
2025-05-09,East,Stationery,Pen,9,3986,35874,10874.36
2025-05-09,East,Clothing,Jeans,6,12315,73890,6481.81
2025-05-10,North,Stationery,Marker,1,3156,3156,706.76
2025-05-10,South,Clothing,Jacket,4,12014,48056,5581.54
2025-05-11,South,Groceries,Rice,9,7764,69876,16614.24
2025-05-11,North,Electronics,Laptop,2,10714,21428,7167.9
2025-05-11,South,Clothing,Shirt,5,8622,43110,6149.82
2025-05-12,East,Groceries,Snacks,9,4833,43497,12819.91
2025-05-12,West,Stationery,Notebook,5,5619,28095,4800.5
2025-05-12,West,Furniture,Chair,2,1750,3500,420.37
2025-05-13,East,Clothing,Jeans,5,3050,15250,834.52
2025-05-14,South,Groceries,Oil,6,3283,19698,5391.74
2025-05-15,North,Electronics,Mobile,6,2468,14808,4088.99
2025-05-15,West,Electronics,Laptop,1,1440,1440,376.53
2025-05-15,East,Furniture,Chair,8,7787,62296,10925.71
2025-05-16,West,Clothing,Jeans,7,10371,72597,16226.01
2025-05-17,West,Groceries,Rice,7,18431,129017,34584.69
2025-05-17,South,Furniture,Sofa,4,5128,20512,5868.33
2025-05-18,West,Stationery,Marker,6,15823,94938,11839.02
2025-05-19,East,Clothing,Shirt,7,14702,102914,5555.25
2025-05-19,North,Groceries,Rice,4,2922,11688,2415.18
2025-05-19,North,Electronics,Smartwatch,6,6587,39522,13575.71
2025-05-19,West,Furniture,Bookshelf,4,2891,11564,3037.17
2025-05-19,North,Clothing,Shirt,3,2911,8733,529.84
2025-05-19,West,Furniture,Bookshelf,7,13946,97622,20934.41
2025-05-19,East,Clothing,Jeans,1,15220,15220,4532.14
2025-05-20,South,Clothing,Shoes,5,18380,91900,21957.98
2025-05-20,East,Electronics,Headphones,8,7262,58096,19686.85
2025-05-21,North,Furniture,Table,7,13265,92855,17365.67
2025-05-21,North,Groceries,Rice,8,4449,35592,12096.76
2025-05-21,West,Clothing,Shirt,6,2673,16038,1030.53
2025-05-23,North,Furniture,Sofa,3,470,1410,218.51
2025-05-23,North,Clothing,Shirt,5,1215,6075,2003.33
2025-05-24,South,Electronics,Headphones,9,2197,19773,3324.37
2025-05-24,North,Furniture,Sofa,5,17282,86410,20122.24
2025-05-24,South,Furniture,Chair,4,11473,45892,4734.12
2025-05-25,North,Electronics,Headphones,8,13690,109520,36956.59
2025-05-25,South,Electronics,Laptop,6,10266,61596,16898.14
2025-05-25,West,Stationery,Pen,2,10448,20896,6766.34
2025-05-25,West,Clothing,Shoes,7,18427,128989,42844.6
2025-05-25,East,Electronics,Headphones,4,10220,40880,13049.29
2025-05-26,North,Furniture,Chair,8,17111,136888,47725.33
2025-05-26,West,Groceries,Oil,3,19305,57915,19170.87
2025-05-27,West,Furniture,Chair,8,8298,66384,14814.57
2025-05-27,North,Clothing,Shirt,3,12371,37113,8622.59
2025-05-27,East,Stationery,Files,1,739,739,250.14
2025-05-28,East,Clothing,Shirt,5,17124,85620,15329.65
2025-05-28,West,Electronics,Smartwatch,3,14565,43695,13503.49
2025-05-29,North,Clothing,Jacket,7,6451,45157,10877.75
2025-05-29,West,Electronics,Smartwatch,7,11733,82131,21059.51
2025-05-29,East,Groceries,Rice,7,5619,39333,3591.9
2025-05-30,West,Furniture,Chair,7,9415,65905,5608.18
2025-05-30,North,Clothing,Shoes,1,18789,18789,6316.46
2025-05-30,South,Furniture,Chair,5,7488,37440,12765.01
2025-05-31,South,Clothing,Shoes,1,15385,15385,4862.93
2025-06-02,East,Stationery,Marker,8,7582,60656,8246.54
2025-06-03,East,Groceries,Rice,1,6674,6674,1921.73
2025-06-03,East,Stationery,Notebook,2,2956,5912,472.54
2025-06-03,West,Groceries,Oil,5,15933,79665,27607.68
2025-06-03,East,Stationery,Files,4,14457,57828,12085.54
2025-06-03,South,Groceries,Beverages,7,11761,82327,9983.22
2025-06-03,West,Furniture,Sofa,5,939,4695,513.01
2025-06-03,South,Electronics,Headphones,7,3252,22764,6803.62
2025-06-03,West,Electronics,Headphones,5,6181,30905,5060.64
2025-06-04,West,Furniture,Sofa,6,7058,42348,4824.21
2025-06-04,South,Electronics,Smartwatch,1,18652,18652,6211.25
2025-06-04,North,Stationery,Pen,3,9751,29253,7643.16
2025-06-04,North,Stationery,Files,4,18922,75688,18508.48
2025-06-04,South,Groceries,Rice,4,12157,48628,11493.51
2025-06-04,North,Groceries,Oil,2,13562,27124,8944.97
2025-06-05,North,Electronics,Headphones,3,18999,56997,5080.52
2025-06-05,North,Furniture,Chair,3,11397,34191,10034.09
2025-06-05,West,Clothing,Jacket,7,3139,21973,4479.39
2025-06-05,South,Stationery,Files,4,7590,30360,1657.39
2025-06-05,West,Stationery,Marker,5,15166,75830,6182.36
2025-06-06,South,Groceries,Beverages,9,14807,133263,32111.26
2025-06-06,South,Electronics,Mobile,1,17709,17709,6068.53
2025-06-06,South,Stationery,Notebook,7,3141,21987,6827.47
2025-06-07,East,Clothing,Jeans,1,10302,10302,893.49
2025-06-07,West,Furniture,Sofa,8,6773,54184,6020.4
2025-06-08,West,Clothing,Jacket,9,3931,35379,8956.04
2025-06-08,East,Groceries,Oil,9,12523,112707,32627.39
2025-06-08,North,Groceries,Oil,9,266,2394,155.05
2025-06-09,South,Furniture,Bookshelf,1,5941,5941,1024.65
2025-06-09,South,Electronics,Laptop,6,3530,21180,6784.96
2025-06-09,North,Electronics,Headphones,3,6921,20763,1996.1
2025-06-09,West,Furniture,Chair,3,13257,39771,11397.36
2025-06-09,South,Clothing,Shoes,8,15366,122928,22078.57
2025-06-10,East,Stationery,Notebook,7,7836,54852,13625.68
2025-06-10,North,Groceries,Rice,6,6838,41028,8192.94
2025-06-10,West,Groceries,Rice,4,2372,9488,544.66
2025-06-10,East,Clothing,Shirt,5,15968,79840,22558.65
2025-06-12,East,Clothing,Jacket,1,19990,19990,1173.08
2025-06-13,West,Furniture,Table,8,3037,24296,6806.54
2025-06-13,North,Electronics,Smartwatch,6,15572,93432,13567.88
2025-06-14,West,Groceries,Beverages,7,13422,93954,31563.86
2025-06-14,North,Stationery,Notebook,6,12182,73092,14078.08
2025-06-14,South,Groceries,Oil,7,6964,48748,3598.86
2025-06-14,North,Furniture,Table,4,18654,74616,19738.99
2025-06-16,West,Groceries,Snacks,8,9374,74992,4885.9
2025-06-16,East,Clothing,Shirt,9,15261,137349,14607.46
2025-06-17,East,Groceries,Beverages,4,13328,53312,6344.03
2025-06-18,East,Furniture,Chair,9,13419,120771,9800.79
2025-06-18,East,Groceries,Oil,5,1544,7720,520.97
2025-06-19,North,Clothing,Jeans,6,5788,34728,1755.99
2025-06-20,West,Furniture,Table,8,3428,27424,5190.3
2025-06-20,East,Furniture,Sofa,6,5058,30348,6298.49
2025-06-20,West,Furniture,Chair,6,10096,60576,5743.48
2025-06-21,South,Electronics,Mobile,1,5799,5799,1140.75
2025-06-22,East,Furniture,Chair,7,3936,27552,5182.97
2025-06-22,South,Stationery,Files,8,8458,67664,14201.82
2025-06-22,East,Groceries,Oil,6,8663,51978,12207.93
2025-06-23,South,Stationery,Pen,6,7937,47622,10852.81
2025-06-23,North,Groceries,Rice,4,6242,24968,6477.91
2025-06-23,East,Stationery,Notebook,8,2753,22024,7288.8
2025-06-23,North,Clothing,Shoes,1,14945,14945,4738.18
2025-06-23,West,Groceries,Oil,3,11293,33879,4363.71
2025-06-24,West,Clothing,Jacket,7,1852,12964,1103.41
2025-06-24,South,Clothing,Jeans,9,15863,142767,9059.73
2025-06-24,East,Stationery,Pen,1,16360,16360,4816.18
2025-06-24,South,Clothing,Jacket,9,5595,50355,11120.67
2025-06-24,West,Clothing,Shirt,3,472,1416,115.97
2025-06-25,West,Groceries,Oil,1,1219,1219,296.95
2025-06-25,East,Furniture,Chair,9,7482,67338,20570.04
2025-06-25,South,Electronics,Smartwatch,3,19191,57573,6470.45
2025-06-26,West,Stationery,Files,6,8859,53154,18117.07
2025-06-27,South,Electronics,Laptop,9,10396,93564,32708.05
2025-06-27,North,Stationery,Notebook,4,3092,12368,1625.96
2025-06-29,North,Clothing,Jacket,2,15975,31950,10536.37
2025-06-29,West,Clothing,Shirt,9,9371,84339,6512.36
2025-06-29,North,Groceries,Snacks,2,10455,20910,5287.03
2025-06-30,South,Furniture,Bookshelf,7,3509,24563,5150.05
2025-07-01,West,Stationery,Files,6,13203,79218,14176.01
2025-07-02,West,Stationery,Files,5,18819,94095,23294.36
2025-07-02,North,Electronics,Smartwatch,6,4707,28242,2339.77
2025-07-03,East,Clothing,Jeans,1,18188,18188,5441.59
2025-07-03,West,Groceries,Rice,3,12418,37254,9071.46
2025-07-03,East,Stationery,Pen,4,7188,28752,6031.5
2025-07-03,East,Groceries,Snacks,9,8539,76851,19360.89
2025-07-03,North,Groceries,Rice,3,18430,55290,11263.08
2025-07-03,West,Stationery,Marker,4,12189,48756,6496.22
2025-07-04,West,Electronics,Mobile,8,11254,90032,16588.47
2025-07-04,East,Clothing,Shoes,7,18386,128702,31059.94
2025-07-05,South,Stationery,Notebook,4,11230,44920,8665.1
2025-07-05,North,Furniture,Table,4,1208,4832,361.53
2025-07-05,South,Furniture,Sofa,3,10311,30933,3399.19
2025-07-06,East,Stationery,Files,2,12153,24306,2067.01
2025-07-06,East,Groceries,Beverages,4,3754,15016,3672.18
2025-07-06,West,Clothing,Jacket,2,8135,16270,2613.16
2025-07-06,North,Electronics,Smartwatch,3,12034,36102,7300.68
2025-07-06,West,Furniture,Sofa,5,13255,66275,16042.4
2025-07-06,East,Stationery,Marker,2,4201,8402,2248.74
2025-07-07,North,Furniture,Bookshelf,3,5057,15171,1020.92
2025-07-08,North,Stationery,Files,7,18791,131537,42035.04
2025-07-08,North,Groceries,Rice,5,11066,55330,14660.57
2025-07-09,North,Groceries,Beverages,6,12952,77712,25516.19
2025-07-10,West,Electronics,Smartwatch,3,11795,35385,11134.87
2025-07-10,North,Electronics,Smartwatch,1,5237,5237,1809.32
2025-07-10,West,Stationery,Marker,9,6677,60093,20307.67
2025-07-10,West,Electronics,Mobile,1,17125,17125,1951.59
2025-07-10,North,Furniture,Table,4,19131,76524,21050.2
2025-07-11,North,Groceries,Oil,2,17074,34148,9247.64
2025-07-11,West,Stationery,Pen,7,7163,50141,12348.26
2025-07-11,South,Clothing,Shirt,2,16839,33678,7555.62
2025-07-12,South,Electronics,Headphones,4,16989,67956,15774.41
2025-07-12,South,Groceries,Rice,2,358,716,140.88
2025-07-12,East,Groceries,Beverages,2,1621,3242,1098.04
2025-07-12,North,Clothing,Shoes,5,4826,24130,1837.08
2025-07-12,South,Groceries,Rice,7,16331,114317,9242.85
2025-07-12,North,Clothing,Jeans,2,1024,2048,685.51
2025-07-13,North,Groceries,Beverages,1,17454,17454,2063.66
2025-07-13,North,Furniture,Table,5,456,2280,792.94
2025-07-13,East,Clothing,Shoes,1,16662,16662,2555.43
2025-07-13,East,Stationery,Pen,7,16501,115507,36868.63
2025-07-13,West,Electronics,Laptop,8,10153,81224,17577.53
2025-07-13,South,Stationery,Notebook,2,18863,37726,7109.21
2025-07-14,West,Stationery,Pen,1,11310,11310,1012.72
2025-07-14,West,Stationery,Marker,8,18153,145224,30175.22
2025-07-14,East,Clothing,Jacket,3,2099,6297,1286.29
2025-07-14,South,Stationery,Files,4,13371,53484,11007.85
2025-07-14,East,Electronics,Headphones,7,19760,138320,40010.82
2025-07-15,South,Groceries,Rice,5,245,1225,223.63
2025-07-16,South,Stationery,Files,4,5432,21728,4092.47
2025-07-16,West,Clothing,Shirt,1,14030,14030,1770.52
2025-07-16,South,Stationery,Marker,3,5217,15651,4880.28
2025-07-19,South,Electronics,Laptop,6,5726,34356,3986.43
2025-07-19,South,Stationery,Marker,3,2514,7542,1137.21
2025-07-19,South,Furniture,Bookshelf,2,7073,14146,2615.97
2025-07-20,South,Electronics,Laptop,2,10902,21804,4116.23
2025-07-20,North,Clothing,Shirt,2,18174,36348,10858.79
2025-07-20,West,Furniture,Table,8,12841,102728,34260.31
2025-07-20,North,Clothing,Shirt,7,637,4459,1171.07
2025-07-21,East,Electronics,Laptop,4,6106,24424,1407.66
2025-07-21,West,Clothing,Jeans,3,10886,32658,7478.6
2025-07-22,North,Furniture,Table,8,1977,15816,5306.44
2025-07-22,North,Furniture,Table,1,10761,10761,3671.69
2025-07-22,South,Electronics,Mobile,1,16441,16441,860.73
2025-07-23,West,Electronics,Mobile,9,1551,13959,2489.74
2025-07-24,East,Groceries,Rice,6,9276,55656,16651.87
2025-07-24,West,Clothing,Shoes,8,13111,104888,26458.97
2025-07-24,South,Electronics,Headphones,9,4265,38385,8755.83
2025-07-24,North,Stationery,Pen,5,3095,15475,5310.9
2025-07-25,North,Stationery,Marker,3,18828,56484,15801.83
2025-07-26,South,Furniture,Table,1,9877,9877,3385.45
2025-07-26,West,Clothing,Shirt,9,3382,30438,3127.05
2025-07-27,South,Electronics,Mobile,9,14314,128826,23427.31
2025-07-27,West,Groceries,Rice,6,10586,63516,18105.26
2025-07-28,South,Electronics,Laptop,1,15662,15662,2359.99
2025-07-28,South,Groceries,Rice,6,8777,52662,9990.51
2025-07-28,West,Furniture,Table,8,15311,122488,38958.58
2025-07-29,North,Clothing,Jeans,2,6363,12726,4302.22
2025-07-29,West,Electronics,Mobile,3,16016,48048,9258.19
2025-07-30,North,Electronics,Headphones,8,2233,17864,2481.17
2025-07-30,North,Furniture,Chair,2,14557,29114,8879.55
2025-07-31,East,Clothing,Jacket,3,11892,35676,10424.93
2025-07-31,South,Electronics,Laptop,9,19080,171720,24325.39
2025-07-31,East,Furniture,Chair,7,15813,110691,10129.38
2025-07-31,East,Stationery,Marker,9,4137,37233,10020.33
2025-08-01,West,Clothing,Jacket,6,17105,102630,34134.47
2025-08-01,South,Furniture,Chair,1,7198,7198,412.24
2025-08-01,East,Electronics,Headphones,2,12460,24920,2718.27
2025-08-02,West,Clothing,Jeans,1,6948,6948,489.37
2025-08-02,West,Stationery,Pen,1,15456,15456,4965.35
2025-08-02,East,Stationery,Files,8,13434,107472,19156.94
2025-08-02,North,Stationery,Marker,6,8293,49758,6448.33
2025-08-03,West,Clothing,Shirt,7,16479,115353,35485.2
2025-08-03,North,Furniture,Table,8,8367,66936,10478.13
2025-08-04,West,Clothing,Jeans,5,12506,62530,5502.44
2025-08-05,East,Electronics,Headphones,6,15922,95532,30234.13
2025-08-05,East,Groceries,Snacks,9,7319,65871,11261.52
2025-08-05,East,Groceries,Rice,6,3172,19032,1857.59
2025-08-06,West,Groceries,Beverages,9,17943,161487,40018.69
2025-08-06,South,Clothing,Shirt,5,10657,53285,15797.58
2025-08-06,West,Stationery,Notebook,1,14137,14137,2949.15
2025-08-06,West,Furniture,Sofa,2,16067,32134,6020.95
2025-08-06,West,Electronics,Headphones,6,7474,44844,13208.98
2025-08-08,West,Groceries,Oil,3,19132,57396,5658.68
2025-08-09,East,Clothing,Jacket,5,5144,25720,1410.42
2025-08-09,North,Furniture,Table,7,17915,125405,43051.83
2025-08-09,North,Stationery,Marker,2,1293,2586,270.31
2025-08-10,East,Furniture,Sofa,7,10430,73010,24380.74
2025-08-10,South,Groceries,Snacks,6,6657,39942,8775.0
2025-08-10,South,Groceries,Snacks,3,1927,5781,1666.07
2025-08-10,North,Clothing,Jacket,8,3591,28728,6387.44
2025-08-11,West,Stationery,Pen,2,5292,10584,1780.52
2025-08-11,South,Furniture,Sofa,1,8110,8110,1753.84
2025-08-11,West,Groceries,Oil,6,9782,58692,5347.77
2025-08-11,South,Electronics,Smartwatch,6,18158,108948,35919.81
2025-08-11,South,Groceries,Oil,7,10633,74431,25547.69
2025-08-11,South,Clothing,Jeans,1,1214,1214,329.45
2025-08-12,East,Groceries,Oil,8,15840,126720,38462.62
2025-08-12,South,Furniture,Bookshelf,5,7267,36335,6490.5
2025-08-12,North,Electronics,Laptop,7,7110,49770,16949.01
2025-08-12,East,Stationery,Pen,8,11908,95264,21238.32
2025-08-12,South,Electronics,Mobile,7,7969,55783,9718.53
2025-08-13,East,Electronics,Smartwatch,8,17630,141040,19162.72
2025-08-13,West,Stationery,Marker,6,8227,49362,16862.85
2025-08-13,East,Stationery,Pen,8,5742,45936,10826.4
2025-08-14,North,Furniture,Table,9,8838,79542,25133.43
2025-08-15,North,Furniture,Bookshelf,3,19329,57987,12838.07
2025-08-15,West,Stationery,Files,3,5262,15786,2519.6
2025-08-15,West,Furniture,Table,7,5031,35217,6253.27
2025-08-15,East,Groceries,Rice,1,9460,9460,3147.35
2025-08-16,East,Stationery,Notebook,3,17972,53916,15924.1
2025-08-16,South,Clothing,Jacket,1,9997,9997,3029.85
2025-08-17,South,Stationery,Marker,6,8412,50472,8958.71
2025-08-17,West,Clothing,Shirt,6,19003,114018,21221.73
2025-08-17,North,Clothing,Shoes,1,395,395,129.31
2025-08-18,West,Groceries,Rice,8,9236,73888,18349.51
2025-08-19,South,Stationery,Notebook,3,8151,24453,7481.95
2025-08-20,South,Clothing,Shirt,5,14053,70265,17683.96
2025-08-20,East,Stationery,Pen,2,6748,13496,752.51
2025-08-21,East,Stationery,Pen,3,2660,7980,748.57
2025-08-21,East,Clothing,Jacket,5,17287,86435,23557.84
2025-08-21,South,Stationery,Files,4,18231,72924,6217.89
2025-08-21,West,Furniture,Table,9,13636,122724,36063.1
2025-08-21,North,Groceries,Rice,1,1149,1149,294.11
2025-08-22,South,Clothing,Jacket,9,14946,134514,10395.33
2025-08-22,West,Furniture,Bookshelf,2,9458,18916,2371.26
2025-08-23,East,Furniture,Table,5,13472,67360,20810.24
2025-08-23,North,Electronics,Laptop,3,18680,56040,13783.38
2025-08-23,South,Groceries,Oil,9,2812,25308,3018.44
2025-08-23,West,Groceries,Oil,1,7058,7058,470.93
2025-08-23,East,Electronics,Smartwatch,4,17736,70944,10457.03
2025-08-23,West,Furniture,Bookshelf,9,18465,166185,8991.39
2025-08-23,East,Furniture,Sofa,7,819,5733,1649.83
2025-08-23,East,Groceries,Oil,2,9345,18690,5183.35
2025-08-24,North,Electronics,Headphones,8,11047,88376,21677.5
2025-08-24,West,Clothing,Jacket,8,14217,113736,9385.51
2025-08-24,West,Stationery,Notebook,3,5392,16176,2870.19
2025-08-24,South,Groceries,Oil,6,17158,102948,35326.84
2025-08-24,West,Groceries,Snacks,8,19399,155192,15487.57
2025-08-24,North,Furniture,Sofa,9,14310,128790,32289.72
2025-08-25,East,Groceries,Snacks,2,14216,28432,5807.75
2025-08-25,West,Groceries,Snacks,3,9981,29943,8342.41
2025-08-26,East,Stationery,Marker,9,2215,19935,1307.53
2025-08-26,East,Clothing,Jacket,4,9294,37176,12521.4
2025-08-26,East,Stationery,Notebook,5,16333,81665,22705.17
2025-08-26,North,Electronics,Smartwatch,2,9913,19826,3462.69
2025-08-26,North,Electronics,Laptop,1,19161,19161,5232.5
2025-08-26,South,Furniture,Sofa,5,8508,42540,3159.1
2025-08-26,North,Clothing,Shoes,7,15184,106288,35747.51
2025-08-27,South,Furniture,Bookshelf,9,9672,87048,16089.09
2025-08-27,North,Electronics,Laptop,1,14637,14637,1053.26
2025-08-27,East,Stationery,Files,2,6542,13084,3112.24
2025-08-27,East,Groceries,Rice,3,18273,54819,6589.33
2025-08-27,South,Electronics,Headphones,8,3600,28800,2172.38
2025-08-28,West,Electronics,Mobile,1,7711,7711,911.02
2025-08-28,East,Furniture,Table,8,10447,83576,19011.85
2025-08-28,East,Stationery,Files,1,13978,13978,3278.38
2025-08-28,North,Clothing,Jacket,7,19349,135443,32047.42
2025-08-28,East,Furniture,Chair,1,12777,12777,2014.94
2025-08-29,South,Groceries,Snacks,6,9356,56136,12659.98
2025-08-30,South,Furniture,Chair,2,3028,6056,1528.05
2025-08-30,East,Clothing,Jacket,6,17951,107706,18462.7
2025-08-31,East,Groceries,Beverages,8,10540,84320,19778.59
2025-08-31,East,Clothing,Jacket,7,8724,61068,11822.37
2025-09-01,South,Stationery,Marker,2,5675,11350,2263.5
2025-09-01,West,Clothing,Shirt,3,11074,33222,2951.92
2025-09-01,East,Furniture,Sofa,8,2474,19792,1943.2
2025-09-01,West,Clothing,Jacket,1,9539,9539,1931.26
2025-09-01,East,Groceries,Rice,9,17156,154404,47116.58
2025-09-01,South,Groceries,Oil,9,3735,33615,2756.89
2025-09-03,South,Clothing,Shoes,8,14431,115448,26962.8
2025-09-03,West,Furniture,Sofa,7,10350,72450,12855.4
2025-09-03,South,Groceries,Snacks,9,345,3105,869.39
2025-09-03,West,Electronics,Laptop,2,8255,16510,924.82
2025-09-04,North,Stationery,Marker,2,3635,7270,402.82
2025-09-04,North,Clothing,Shirt,7,7110,49770,6311.86
2025-09-05,South,Electronics,Headphones,7,14309,100163,15031.55
2025-09-05,West,Stationery,Notebook,3,5117,15351,1170.74
2025-09-06,North,Groceries,Oil,9,15434,138906,35943.94
2025-09-06,South,Furniture,Table,8,10527,84216,11335.46
2025-09-07,West,Electronics,Mobile,4,2677,10708,3520.56
2025-09-07,East,Furniture,Chair,3,12618,37854,2775.82
2025-09-08,North,Furniture,Sofa,1,19331,19331,1918.0
2025-09-08,South,Electronics,Laptop,4,10151,40604,13313.75
2025-09-08,North,Stationery,Files,5,1649,8245,955.52
2025-09-08,South,Clothing,Jacket,7,4396,30772,9133.04
2025-09-09,North,Clothing,Jacket,6,8635,51810,8760.26
2025-09-10,North,Stationery,Files,2,15101,30202,6555.44
2025-09-10,South,Electronics,Mobile,6,2957,17742,3644.63
2025-09-10,East,Clothing,Jeans,2,9477,18954,5737.33
2025-09-11,East,Groceries,Rice,6,8679,52074,9380.15
2025-09-11,West,Stationery,Marker,6,1076,6456,699.28
2025-09-12,East,Electronics,Laptop,8,17919,143352,34985.22
2025-09-13,South,Furniture,Chair,7,11287,79009,24721.59
2025-09-13,South,Furniture,Table,9,9418,84762,18029.65
2025-09-13,West,Stationery,Pen,2,5447,10894,3365.19
2025-09-14,West,Groceries,Snacks,4,15543,62172,16102.25
2025-09-15,East,Stationery,Marker,6,17913,107478,18509.29
2025-09-15,East,Clothing,Jacket,1,7463,7463,2535.36
2025-09-17,South,Furniture,Bookshelf,2,4407,8814,3083.18
2025-09-17,North,Groceries,Snacks,2,16646,33292,4584.81
2025-09-17,North,Electronics,Smartwatch,3,11086,33258,7900.89
2025-09-18,East,Furniture,Sofa,9,13531,121779,29905.3
2025-09-18,East,Electronics,Mobile,1,19439,19439,4083.05
2025-09-18,East,Clothing,Jacket,2,6174,12348,1520.54
2025-09-19,East,Groceries,Rice,7,13673,95711,21336.06
2025-09-19,East,Stationery,Notebook,5,4976,24880,1244.09
2025-09-19,North,Stationery,Pen,1,13371,13371,1823.59
2025-09-20,East,Stationery,Pen,2,2873,5746,402.15
2025-09-21,West,Stationery,Files,8,8755,70040,8621.71
2025-09-21,West,Stationery,Marker,5,17553,87765,21839.34
2025-09-22,West,Stationery,Marker,3,10381,31143,8276.58
2025-09-23,North,Electronics,Laptop,6,14871,89226,9906.85
2025-09-24,South,Groceries,Rice,3,6007,18021,5863.21
2025-09-24,North,Furniture,Sofa,2,16002,32004,2504.73
2025-09-24,North,Electronics,Headphones,4,19485,77940,17309.57
2025-09-25,North,Clothing,Jacket,9,8721,78489,15927.04
2025-09-26,East,Groceries,Oil,1,17405,17405,3925.01
2025-09-27,East,Furniture,Table,1,8511,8511,1117.07
2025-09-27,South,Stationery,Marker,3,7457,22371,2744.0
2025-09-27,East,Electronics,Smartwatch,4,4693,18772,2168.78
2025-09-28,East,Furniture,Chair,6,6661,39966,13399.9
2025-09-28,North,Groceries,Snacks,2,19542,39084,4718.91
2025-09-28,East,Electronics,Smartwatch,7,2724,19068,5747.97
2025-09-28,North,Furniture,Table,2,13593,27186,8164.97
2025-09-29,West,Clothing,Shoes,4,19831,79324,20113.73
2025-09-29,West,Stationery,Files,2,11185,22370,6036.98
2025-09-29,West,Electronics,Smartwatch,8,4531,36248,4839.49
2025-09-29,North,Clothing,Shirt,8,7472,59776,3165.38
2025-09-29,North,Stationery,Files,3,16108,48324,15302.11
2025-09-30,North,Groceries,Oil,3,1974,5922,1040.4
2025-10-01,South,Furniture,Chair,5,4602,23010,3027.15
2025-10-01,North,Electronics,Laptop,1,10355,10355,2155.1
2025-10-01,West,Electronics,Smartwatch,3,12957,38871,5036.15
2025-10-01,West,Groceries,Snacks,5,9667,48335,13025.38
2025-10-01,North,Furniture,Bookshelf,9,6816,61344,6914.79
2025-10-02,North,Furniture,Sofa,2,18455,36910,4045.09
2025-10-03,East,Groceries,Oil,5,6055,30275,9763.07
2025-10-04,East,Clothing,Shirt,3,7211,21633,7188.6
2025-10-04,South,Groceries,Snacks,9,890,8010,2705.25
2025-10-04,South,Electronics,Mobile,9,17558,158022,41986.09
2025-10-04,North,Electronics,Mobile,7,11361,79527,8545.68
2025-10-05,North,Electronics,Smartwatch,7,8238,57666,15914.31
2025-10-06,South,Electronics,Smartwatch,2,10360,20720,4165.24
2025-10-07,East,Clothing,Shirt,6,8956,53736,18457.29
2025-10-07,North,Clothing,Shirt,9,8166,73494,7990.76
2025-10-07,North,Stationery,Marker,8,14478,115824,27198.68
2025-10-07,West,Clothing,Shoes,9,19574,176166,43248.82
2025-10-08,West,Stationery,Files,1,18860,18860,4345.49
2025-10-08,North,Stationery,Files,3,215,645,59.64
2025-10-08,South,Clothing,Jacket,2,16058,32116,9769.33
2025-10-09,South,Groceries,Rice,2,10879,21758,6782.81
2025-10-09,North,Groceries,Snacks,8,10731,85848,26130.27
2025-10-09,East,Stationery,Notebook,4,3091,12364,3481.26
2025-10-09,West,Groceries,Snacks,7,4643,32501,11123.45
2025-10-10,South,Clothing,Shirt,9,13974,125766,31010.45
2025-10-10,North,Stationery,Marker,2,271,542,43.28
2025-10-10,West,Groceries,Rice,2,7911,15822,2046.8
2025-10-11,East,Groceries,Snacks,1,19145,19145,1724.87
2025-10-11,East,Furniture,Table,3,5483,16449,5425.1
2025-10-12,North,Stationery,Notebook,4,16660,66640,17765.89
2025-10-12,South,Clothing,Jeans,2,9722,19444,2347.01
2025-10-12,West,Electronics,Mobile,5,15650,78250,4026.79
2025-10-12,West,Furniture,Sofa,5,3462,17310,1964.53
2025-10-13,North,Clothing,Jacket,5,799,3995,1307.29
2025-10-13,North,Stationery,Pen,5,15406,77030,15415.27
2025-10-14,South,Furniture,Bookshelf,4,13316,53264,15810.73
2025-10-14,North,Clothing,Jacket,3,6909,20727,2123.19
2025-10-14,West,Stationery,Pen,9,8127,73143,25382.52
2025-10-14,West,Clothing,Shoes,2,8469,16938,4088.85
2025-10-14,East,Furniture,Sofa,9,14585,131265,45874.92
2025-10-14,South,Furniture,Bookshelf,9,11145,100305,5588.29
2025-10-15,East,Stationery,Notebook,2,5898,11796,1462.68
2025-10-16,South,Groceries,Snacks,9,6039,54351,17056.32
2025-10-17,South,Groceries,Oil,8,10550,84400,9565.37
2025-10-17,West,Stationery,Marker,8,8599,68792,12918.53
2025-10-17,South,Clothing,Shirt,9,9635,86715,5532.49
2025-10-18,South,Stationery,Notebook,7,18461,129227,12464.26
2025-10-18,South,Clothing,Jeans,8,5882,47056,3558.42
2025-10-19,East,Clothing,Shoes,9,15651,140859,34164.77
2025-10-19,North,Furniture,Chair,4,2337,9348,809.22
2025-10-19,East,Electronics,Smartwatch,1,7462,7462,1519.13
2025-10-19,South,Groceries,Rice,1,11716,11716,3532.89
2025-10-19,West,Clothing,Shirt,1,1982,1982,228.56
2025-10-19,South,Stationery,Pen,8,18991,151928,30988.15
2025-10-20,South,Clothing,Shirt,6,1908,11448,2146.96
2025-10-20,North,Furniture,Bookshelf,8,9740,77920,19884.34
2025-10-20,South,Furniture,Table,1,15020,15020,4490.17
2025-10-20,North,Furniture,Chair,3,4434,13302,967.19
2025-10-22,North,Electronics,Laptop,1,11379,11379,2873.64
2025-10-22,North,Electronics,Laptop,4,6656,26624,1368.2
2025-10-22,South,Groceries,Snacks,8,10078,80624,20954.74
2025-10-22,East,Groceries,Beverages,6,10973,65838,13948.89
2025-10-22,North,Furniture,Chair,6,9428,56568,3320.49
2025-10-23,West,Groceries,Oil,5,10260,51300,12337.04
2025-10-23,South,Electronics,Headphones,3,19530,58590,16181.89
2025-10-23,West,Stationery,Files,9,16202,145818,10857.31
2025-10-23,North,Electronics,Mobile,3,1873,5619,1350.76
2025-10-23,South,Stationery,Files,1,2511,2511,449.27
2025-10-23,West,Electronics,Laptop,3,12776,38328,3368.24
2025-10-23,South,Furniture,Bookshelf,5,17550,87750,30068.63
2025-10-24,South,Furniture,Table,2,5654,11308,805.98
2025-10-24,West,Stationery,Marker,5,11100,55500,13326.3
2025-10-24,North,Furniture,Chair,5,1724,8620,1213.0
2025-10-25,East,Furniture,Bookshelf,8,10183,81464,16543.23
2025-10-26,East,Electronics,Laptop,7,18581,130067,9102.83
2025-10-26,North,Stationery,Marker,5,6209,31045,9839.74
2025-10-26,East,Stationery,Pen,7,1805,12635,2022.72
2025-10-27,North,Stationery,Marker,9,9787,88083,28667.7
2025-10-27,South,Groceries,Rice,8,8619,68952,16620.63
2025-10-28,East,Groceries,Oil,4,15037,60148,10774.11
2025-10-29,South,Clothing,Shirt,3,14719,44157,6414.46
2025-10-29,East,Stationery,Notebook,1,3257,3257,983.08
2025-10-30,South,Groceries,Snacks,9,11479,103311,16459.08
2025-10-31,West,Groceries,Beverages,9,18827,169443,36114.42
2025-10-31,South,Stationery,Marker,8,19938,159504,28761.49
2025-10-31,West,Stationery,Pen,6,1729,10374,1849.13
2025-11-01,North,Stationery,Marker,5,7432,37160,9164.21
2025-11-01,West,Clothing,Shoes,4,2045,8180,1267.42
2025-11-02,South,Furniture,Sofa,6,15938,95628,20475.76
2025-11-02,North,Groceries,Snacks,2,1603,3206,191.99
2025-11-02,East,Stationery,Notebook,5,11203,56015,4040.86
2025-11-02,East,Clothing,Jeans,6,16636,99816,13334.71
2025-11-02,North,Furniture,Sofa,6,18219,109314,18352.98
2025-11-03,West,Stationery,Marker,7,17984,125888,6823.68
2025-11-03,West,Stationery,Pen,1,17029,17029,3062.7
2025-11-03,South,Groceries,Rice,5,18346,91730,10815.47
2025-11-03,South,Furniture,Bookshelf,5,10065,50325,17462.17
2025-11-03,South,Stationery,Notebook,5,16214,81070,9653.32
2025-11-03,North,Electronics,Smartwatch,2,1739,3478,940.14
2025-11-04,West,Groceries,Beverages,2,15446,30892,10283.8
2025-11-05,North,Groceries,Rice,3,5587,16761,2779.49
2025-11-05,West,Clothing,Jeans,3,12413,37239,7380.9
2025-11-06,North,Groceries,Rice,6,13996,83976,12793.31
2025-11-06,North,Groceries,Beverages,5,18371,91855,27779.88
2025-11-06,South,Clothing,Jacket,8,8941,71528,22755.36
2025-11-06,North,Furniture,Chair,8,14727,117816,26246.74
2025-11-07,West,Clothing,Jacket,6,13625,81750,22096.45
2025-11-07,North,Furniture,Table,4,4693,18772,3268.07
2025-11-08,East,Electronics,Mobile,2,19810,39620,10034.14
2025-11-08,East,Stationery,Notebook,6,19153,114918,16243.33
2025-11-08,East,Stationery,Marker,7,2293,16051,1108.85
2025-11-09,West,Furniture,Bookshelf,5,16590,82950,7695.96
2025-11-09,North,Groceries,Snacks,2,5746,11492,3248.6
2025-11-10,West,Furniture,Sofa,7,6801,47607,7920.36
2025-11-10,North,Furniture,Table,7,8528,59696,12184.62
2025-11-10,South,Clothing,Jeans,5,13380,66900,16797.0
2025-11-10,East,Clothing,Jeans,2,13943,27886,6111.72
2025-11-10,North,Clothing,Jacket,1,4038,4038,1065.33
2025-11-11,North,Stationery,Notebook,6,4557,27342,6823.03
2025-11-11,North,Stationery,Marker,6,5122,30732,5544.16
2025-11-11,South,Electronics,Laptop,6,18101,108606,20362.56
2025-11-11,North,Electronics,Smartwatch,9,19814,178326,48421.71
2025-11-12,North,Groceries,Rice,7,8103,56721,18358.45
2025-11-12,East,Electronics,Mobile,5,12537,62685,16899.09
2025-11-13,North,Groceries,Rice,6,6299,37794,6190.94
2025-11-15,East,Furniture,Table,8,17251,138008,25690.74
2025-11-15,East,Clothing,Shoes,5,17000,85000,23451.15
2025-11-15,South,Stationery,Notebook,9,12856,115704,33221.19
2025-11-15,West,Groceries,Rice,5,19746,98730,17246.27
2025-11-16,East,Furniture,Bookshelf,6,18270,109620,10087.8
2025-11-16,South,Electronics,Mobile,1,16512,16512,1024.36
2025-11-17,West,Stationery,Files,3,2628,7884,1301.52
2025-11-17,East,Furniture,Chair,1,15336,15336,4972.65
2025-11-17,North,Furniture,Bookshelf,1,9263,9263,1930.9
2025-11-17,West,Electronics,Smartwatch,6,12156,72936,5318.16
2025-11-18,West,Clothing,Shirt,6,6106,36636,11530.26
2025-11-18,West,Furniture,Sofa,8,10390,83120,10307.42
2025-11-19,North,Clothing,Shoes,4,12203,48812,15230.66
2025-11-19,West,Groceries,Oil,9,17971,161739,12463.4
2025-11-19,South,Furniture,Chair,1,5938,5938,1095.12
2025-11-19,South,Stationery,Notebook,9,7466,67194,6057.92
2025-11-19,North,Electronics,Laptop,8,12876,103008,14503.91
2025-11-19,East,Electronics,Laptop,6,4459,26754,5420.68
2025-11-19,South,Groceries,Oil,2,5643,11286,1863.9
2025-11-20,West,Stationery,Marker,9,5278,47502,5783.56
2025-11-21,North,Stationery,Files,1,12206,12206,2938.88
2025-11-21,North,Furniture,Chair,6,8224,49344,7405.65
2025-11-22,South,Stationery,Pen,9,5209,46881,9900.46
2025-11-22,South,Stationery,Files,2,18890,37780,4034.34
2025-11-23,East,Groceries,Oil,4,726,2904,564.7
2025-11-23,South,Furniture,Sofa,8,5811,46488,9126.32
2025-11-23,East,Clothing,Shoes,1,5327,5327,1302.77
2025-11-23,East,Groceries,Oil,1,12432,12432,2009.63
2025-11-23,East,Stationery,Notebook,3,13665,40995,2560.1
2025-11-24,South,Stationery,Notebook,8,19842,158736,29573.09
2025-11-24,East,Clothing,Jacket,6,11719,70314,11614.79
2025-11-24,West,Electronics,Laptop,7,15434,108038,22961.11
2025-11-26,South,Clothing,Jeans,8,5572,44576,8688.05
2025-11-26,East,Furniture,Sofa,4,10003,40012,8285.52
2025-11-26,East,Electronics,Mobile,3,12506,37518,4134.31
2025-11-28,South,Furniture,Table,1,4290,4290,1382.69
2025-11-28,South,Groceries,Beverages,2,14697,29394,5356.46
2025-11-28,West,Groceries,Beverages,8,361,2888,663.69
2025-11-29,North,Stationery,Marker,1,8547,8547,2377.54
2025-11-30,South,Stationery,Notebook,8,14126,113008,15963.47
2025-11-30,South,Groceries,Oil,1,5473,5473,1053.68
2025-11-30,West,Groceries,Beverages,2,17758,35516,5742.66
2025-11-30,South,Clothing,Shirt,1,8756,8756,1188.08
2025-11-30,East,Electronics,Smartwatch,9,5131,46179,14924.73
2025-12-01,East,Furniture,Table,9,9530,85770,19899.91
2025-12-02,West,Stationery,Notebook,3,16789,50367,4412.5
2025-12-02,East,Groceries,Oil,4,222,888,180.77
2025-12-02,North,Stationery,Files,2,17462,34924,10429.05
2025-12-03,West,Electronics,Mobile,7,13046,91322,7677.38
2025-12-03,South,Clothing,Jeans,5,3024,15120,2692.39
2025-12-04,North,Clothing,Shoes,4,5669,22676,3366.43
2025-12-04,North,Stationery,Pen,7,8330,58310,7249.06
2025-12-05,West,Clothing,Shirt,9,16023,144207,45309.14
2025-12-05,South,Groceries,Snacks,9,17178,154602,15877.89
2025-12-05,East,Furniture,Bookshelf,2,2553,5106,1772.01
2025-12-06,East,Groceries,Rice,9,7075,63675,10294.57
2025-12-06,West,Furniture,Bookshelf,1,10172,10172,1393.33
2025-12-07,North,Groceries,Beverages,5,13421,67105,18933.7
2025-12-07,South,Furniture,Chair,5,15155,75775,11620.23
2025-12-07,East,Clothing,Shoes,4,14500,58000,16317.54
2025-12-07,East,Furniture,Bookshelf,8,5083,40664,3259.59
2025-12-08,North,Furniture,Sofa,4,15701,62804,3744.3
2025-12-08,West,Stationery,Notebook,2,5251,10502,3046.7
2025-12-09,East,Clothing,Shoes,4,3189,12756,3874.16
2025-12-09,West,Furniture,Bookshelf,8,2048,16384,3646.81
2025-12-10,North,Clothing,Jeans,2,15712,31424,8578.94
2025-12-10,East,Groceries,Oil,8,13246,105968,6939.91
2025-12-10,East,Electronics,Laptop,1,14772,14772,982.19
2025-12-11,North,Stationery,Marker,6,16999,101994,20164.96
2025-12-11,West,Groceries,Oil,5,13485,67425,4504.04
2025-12-11,South,Electronics,Smartwatch,5,3666,18330,5139.55
2025-12-11,East,Electronics,Laptop,6,8260,49560,6999.71
2025-12-12,South,Stationery,Files,5,6400,32000,3871.45
2025-12-12,South,Stationery,Notebook,4,2619,10476,3035.65
2025-12-13,East,Furniture,Table,9,7722,69498,18684.98
2025-12-13,North,Groceries,Beverages,7,7430,52010,11325.46
2025-12-14,South,Groceries,Rice,7,2868,20076,5981.57
2025-12-15,East,Furniture,Bookshelf,6,18831,112986,13342.45
2025-12-15,South,Electronics,Headphones,1,15509,15509,2896.98
2025-12-15,West,Electronics,Mobile,9,1586,14274,1024.26
2025-12-15,South,Stationery,Notebook,7,17508,122556,26496.36
2025-12-16,West,Furniture,Table,3,255,765,178.25
2025-12-16,East,Furniture,Sofa,9,9037,81333,6246.53
2025-12-16,West,Clothing,Jacket,2,11830,23660,1648.81
2025-12-16,South,Stationery,Pen,5,11921,59605,10793.66
2025-12-17,West,Furniture,Table,6,10165,60990,19073.33
2025-12-17,North,Electronics,Smartwatch,2,17973,35946,12308.27
2025-12-18,South,Groceries,Snacks,5,4691,23455,3485.4
2025-12-19,North,Stationery,Marker,5,10498,52490,16942.18
2025-12-20,East,Electronics,Smartwatch,1,3765,3765,720.59
2025-12-20,North,Clothing,Shirt,2,4673,9346,782.0
2025-12-20,East,Clothing,Jacket,2,12129,24258,1425.19
2025-12-20,West,Electronics,Headphones,6,17818,106908,26451.69
2025-12-21,West,Clothing,Jacket,8,15645,125160,11557.0
2025-12-21,South,Stationery,Pen,2,11867,23734,6066.85
2025-12-22,West,Clothing,Shirt,5,3614,18070,4648.78
2025-12-22,East,Furniture,Chair,4,19828,79312,18318.43
2025-12-22,South,Groceries,Snacks,8,4180,33440,5765.0
2025-12-22,North,Groceries,Oil,1,16166,16166,4787.5
2025-12-23,North,Electronics,Mobile,8,9951,79608,10783.37
2025-12-23,East,Furniture,Sofa,3,10339,31017,1653.47
2025-12-23,North,Stationery,Notebook,8,18649,149192,20620.33
2025-12-23,North,Electronics,Laptop,7,9731,68117,9116.84
2025-12-24,North,Electronics,Smartwatch,1,6433,6433,1803.39
2025-12-24,East,Furniture,Bookshelf,5,14833,74165,24372.01
2025-12-25,South,Groceries,Beverages,4,2153,8612,1136.77
2025-12-25,East,Stationery,Files,8,4685,37480,5988.02
2025-12-25,East,Groceries,Beverages,1,12458,12458,3132.4
2025-12-26,West,Stationery,Files,3,10580,31740,10073.79
2025-12-26,East,Stationery,Marker,2,6331,12662,2474.88
2025-12-26,South,Stationery,Notebook,8,17167,137336,19653.96
2025-12-27,East,Electronics,Laptop,4,18497,73988,15353.21
2025-12-27,East,Stationery,Pen,4,19626,78504,11440.4
2025-12-27,East,Furniture,Bookshelf,6,17823,106938,13755.85
2025-12-28,West,Groceries,Rice,6,7255,43530,7846.54
2025-12-28,West,Clothing,Shirt,5,5995,29975,2279.15
2025-12-28,North,Stationery,Notebook,9,11725,105525,14058.89
2025-12-29,North,Furniture,Sofa,5,14151,70755,12526.79
2025-12-29,West,Furniture,Table,9,9059,81531,10533.21
2025-12-30,East,Clothing,Shoes,5,19025,95125,4822.55
2025-12-30,North,Stationery,Notebook,6,4925,29550,5101.45
2025-12-31,South,Stationery,Marker,8,514,4112,499.38
